fecha;pais;ingresos;costos;porcentaje_mujeres;exportaciones;importaciones;endeudamiento;morosidad;reservas;spread;tasa_interes;Tamanio
01-05-2012;chile;12,7472;2,0084;0,40091;2,25967;1,315;0,47351;0,0775;2,0728;0,0921;0,1405;pequeña
01-06-2012;chile;12,9094;2,0065;0,40105;2,25921;1,3154;0,47655;0,0776;2,0586;0,0899;0,139;pequeña
01-07-2012;chile;13,05194;2,0432;0,40376;2,25757;1,3199;0,48053;0,0778;2,0601;0,0912;0,1406;pequeña
01-08-2012;chile;12,89674;2,0119;0,40014;2,26247;1,3102;0,4834;0,0776;2,0854;0,0942;0,1426;pequeña
01-09-2012;chile;12,98474;1,996;0,3979;2,2645;1,3052;0,48266;0,0779;2,0696;0,0921;0,141;pequeña
01-10-2012;chile;12,99237;1,978;0,39545;2,26739;1,2999;0,47737;0,0749;2,0316;0,0905;0,1399;pequeña
01-11-2012;chile;12,96146;1,9796;0,39452;2,26651;1,2991;0,47412;0,0749;2,0224;0,0898;0,1398;pequeña
01-12-2012;chile;13,10644;1,971;0,39251;2,27501;1,2895;0,4779;0,075;1,998;0,089;0,1376;pequeña
01-01-2013;chile;13,10375;1,9654;0,39415;2,26598;1,2968;0,52019;0,0727;2,0324;0,0906;0,1361;pequeña
01-02-2013;chile;13,29944;1,9537;0,39213;2,26732;1,2936;0,51067;0,0739;2,0396;0,0836;0,1344;pequeña
01-03-2013;chile;13,42286;1,9615;0,39308;2,26954;1,2927;0,50595;0,07;2,0561;0,0818;0,1325;pequeña
01-04-2013;chile;13,10987;1,9621;0,39278;2,27201;1,2897;0,50317;0,0676;2,1196;0,0827;0,133;pequeña
01-05-2013;chile;12,96013;1,9486;0,39087;2,27655;1,284;0,5122;0,0695;2,1217;0,0801;0,1306;pequeña
01-06-2013;chile;12,90191;1,9712;0,39174;2,27894;1,2833;0,51589;0,0701;2,0341;0,0763;0,1266;pequeña
01-07-2013;chile;12,82039;1,9678;0,39103;2,27979;1,2822;0,53228;0,0715;2,0704;0,075;0,1259;pequeña
01-08-2013;chile;12,64583;1,9678;0,39418;2,27878;1,2874;0,50514;0,0706;2,1019;0,0762;0,1266;pequeña
01-09-2013;chile;12,90717;1,9823;0,39779;2,27813;1,2933;0,50412;0,071;2,1388;0,0766;0,1272;pequeña
01-10-2013;chile;12,98745;1,9848;0,39469;2,2824;1,2844;0,5012;0,0713;2,1686;0,0754;0,1248;pequeña
01-11-2013;chile;12,74864;1,9717;0,39483;2,28221;1,2851;0,50292;0,0713;2,1692;0,075;0,1218;pequeña
01-12-2013;chile;13,07818;1,9863;0,39722;2,28365;1,2876;0,5026;0,0715;2,1721;0,0744;0,1197;pequeña
01-01-2014;chile;12,84775;1,9863;0,39623;2,28777;1,2827;0,49683;0,0722;2,1951;0,0729;0,118;pequeña
01-02-2014;chile;12,9235;1,9875;0,39586;2,2879;1,2818;0,50355;0,0666;2,1915;0,0762;0,1204;pequeña
01-03-2014;chile;12,95784;1,9946;0,39449;2,29312;1,2755;0,49954;0,0672;2,2327;0,076;0,1173;pequeña
01-04-2014;chile;12,92363;1,9924;0,39286;2,29655;1,2687;0,49703;0,0646;2,256;0,0705;0,1106;pequeña
01-05-2014;chile;13,08913;1,9963;0,3924;2,29696;1,2675;0,49407;0,0652;2,2743;0,0662;0,1062;pequeña
01-06-2014;chile;13,235;1,9905;0,39059;2,30022;1,2631;0,49791;0,0659;2,2838;0,0693;0,1094;pequeña
01-07-2014;chile;13,09432;2,0093;0,39241;2,29828;1,2677;0,50596;0,0665;2,2619;0,0692;0,108;pequeña
01-08-2014;chile;12,99774;1,9862;0,39088;2,30089;1,2637;0,50928;0,0664;2,3357;0,069;0,1055;pequeña
01-09-2014;chile;12,97127;1,9811;0,38877;2,30289;1,26;0,51195;0,0673;2,3284;0,0688;0,1024;pequeña
01-10-2014;chile;13,13758;1,9854;0,38887;2,30072;1,2627;0,50951;0,0683;2,3496;0,0688;0,1004;pequeña
01-11-2014;chile;12,95175;1,9919;0,38971;2,30107;1,2634;0,50605;0,0676;2,3521;0,071;0,1012;pequeña
01-12-2014;chile;13,15815;1,9695;0,38554;2,30789;1,2511;0,50781;0,0678;2,3591;0,0724;0,1026;pequeña
01-01-2015;chile;12,93952;1,9721;0,3849;2,30825;1,2502;0,71318;0,0675;2,3931;0,0698;0,1;pequeña
01-02-2015;chile;13,08667;1,9915;0,38643;2,30615;1,2536;0,65546;0,0641;2,3971;0,0731;0,1033;pequeña
01-03-2015;chile;12,98994;2,0089;0,38795;2,30273;1,2588;0,60688;0,0606;2,3047;0,0756;0,1058;pequeña
01-04-2015;chile;13,05463;2,025;0,38915;2,29819;1,2654;0,5779;0,0594;2,3042;0,0736;0,1038;pequeña
01-05-2015;chile;13,06032;2,0223;0,39051;2,28994;1,2694;0,56395;0,0608;2,2921;0,0741;0,1042;pequeña
01-06-2015;chile;12,84645;2,0154;0,39112;2,28937;1,2703;0,56049;0;2,3201;0,0775;0,1077;pequeña
01-07-2015;chile;12,51614;2,0203;0,39535;2,27697;1,2838;0,5572;0;2,3183;0,0772;0,1073;pequeña
01-08-2015;chile;12,42682;2,0315;0,39743;2,26838;1,2903;0,55297;0;2,3338;0,0784;0,1085;pequeña
01-09-2015;chile;12,38284;2,0177;0,39456;2,27126;1,2843;0,54499;0;2,3492;0,0768;0,107;pequeña
01-10-2015;chile;12,39388;2;0,39289;2,27208;1,2812;0,53845;0;2,3548;0,0737;0,1052;pequeña
01-11-2015;chile;12,43585;1,9749;0,38915;2,27541;1,2734;0,53657;0;2,3575;0,0754;0,1081;pequeña
01-12-2015;chile;12,42609;1,9646;0,38769;2,27591;1,2699;0,53953;0;2,4001;0,0785;0,1121;pequeña
01-01-2016;chile;12,2375;1,9743;0,38727;2,27578;1,2704;0,57729;0;2,4048;0,0764;0,1117;pequeña
01-02-2016;chile;12,36583;1,9738;0,38722;2,27442;1,2721;0,54669;0;2,4271;0,0795;0,1147;pequeña
01-03-2016;chile;12,77951;1,9794;0,38726;2,27259;1,2751;0,53528;0;2,4426;0,0782;0,1135;pequeña
01-04-2016;chile;11,34239;1,9822;0,38861;2,18819;1,3484;0,5317;0;2,4788;0,0769;0,1122;pequeña
01-05-2016;chile;11,48391;1,9944;0,38839;2,19031;1,3461;0,52875;0;2,476;0,077;0,1123;pequeña
01-06-2016;chile;11,5585;1,9902;0,38748;2,18841;1,3467;0,52667;0;2,468;0,0779;0,1133;pequeña
01-07-2016;chile;11,78409;1,9873;0,38712;2,18991;1,3453;0,52668;0;2,4668;0,0755;0,111;pequeña
01-08-2016;chile;11,69781;1,9882;0,38682;2,19124;1,3429;0,5263;0;2,4888;0,0756;0,111;pequeña
01-09-2016;chile;11,87433;1,998;0,38796;2,19;1,3455;0,53019;0;2,4415;0,0752;0,1105;pequeña
01-10-2016;chile;11,9181;2,0002;0,38699;2,18992;1,3446;0,53226;0;2,4271;0,0728;0,1082;pequeña
01-11-2016;chile;11,82082;1,9932;0,38703;2,19366;1,3403;0,53488;0;2,4335;0,074;0,1092;pequeña
01-12-2016;chile;11,92494;1,9891;0,38667;2,19417;1,3395;0,53619;0;2,4537;0,0739;0,109;pequeña
01-01-2017;chile;11,81102;1,9807;0,38538;2,19386;1,3355;0,60476;0;2,4401;0,0755;0,1098;pequeña
01-02-2017;chile;11,859;1,9798;0,38486;2,19541;1,3337;0,56679;0;2,4519;0,0762;0,1086;pequeña
01-03-2017;chile;11,82419;1,9818;0,38444;2,19785;1,3303;0,55367;0;2,4473;0,0747;0,1064;pequeña
01-04-2017;chile;11,77762;1,9672;0,38168;2,19935;1,3262;0,53533;0;2,4465;0,0764;0,1055;pequeña
01-05-2017;chile;11,75777;1,9582;0,38225;2,18155;1,3358;0,53787;0;2,4984;0,0784;0,1053;pequeña
01-06-2017;chile;11,84424;1,9519;0,38149;2,18155;1,3357;0,54648;0;2,4793;0,0765;0,102;pequeña
01-07-2017;chile;11,91034;1,958;0,38094;2,18266;1,3349;0,56105;0;2,4943;0,0744;0,0998;pequeña
01-08-2017;chile;11,90611;1,9539;0,3799;2,18375;1,3333;0,56364;0;2,4762;0,0749;0,1004;pequeña
01-09-2017;chile;11,98938;1,97;0,37968;2,18442;1,3322;0,56797;0;2,4612;0,0744;0,0999;pequeña
01-05-2012;peru;14,0194;3,3039;0,55537;1,97253;1,9637;0,71935;0,0225;0,135096;0,047912;0,067612;mediana
01-06-2012;peru;14,25261;3,3227;0,55622;1,97222;1,9684;0,72088;0,0237;0,088028;0,047041;0,067741;mediana
01-07-2012;peru;13,55008;3,2974;0,55297;1,97393;1,9583;0,7213;0,0249;0,089651;0,045546;0,067746;mediana
01-08-2012;peru;13,41888;3,2957;0,55347;1,97302;1,9594;0,72168;0,0246;7,74708;0,043814;0,067414;mediana
01-09-2012;peru;13,24569;3,3319;0,55791;1,96928;1,9755;0,7213;0,0252;0,291922;0,043359;0,067259;mediana
01-10-2012;peru;13,02833;3,3073;0,55586;1,97334;1,9639;0,7225;0,0263;0,157752;0,043076;0,067476;mediana
01-11-2012;peru;13,18744;3,333;0,55755;1,97257;1,9719;0,72073;0,0255;0,211624;0,046146;0,067246;mediana
01-12-2012;peru;13,70679;3,3384;0,55605;1,97687;1,9673;0,72251;0,025;0,14613;0,049044;0,066844;mediana
01-01-2013;peru;13,7429;3,3458;0,55491;1,98222;1,9653;0,85544;0,0277;0,153124;0,050482;0,065782;mediana
01-02-2013;peru;13,63995;3,3518;0,55362;1,97921;1,9681;0,85264;0,0291;0,161762;0,052037;0,065037;mediana
01-03-2013;peru;14,12164;3,315;0,55248;1,98323;1,955;0,85109;0,0297;0,127632;0,055715;0,064915;mediana
01-04-2013;peru;14,21724;3,2881;0,55218;1,98118;1,9527;0,85439;0,031;0,135124;0,055322;0,065822;mediana
01-05-2013;peru;14,08077;3,2964;0,55248;1,9815;1,9535;0,85773;0,0324;0,160992;0,054913;0,066213;mediana
01-06-2013;peru;14,17758;3,3052;0,55348;1,97643;1,9625;0,85937;0,0329;0,174254;0,055611;0,066511;mediana
01-07-2013;peru;13,84117;3,3342;0,55371;1,97287;1,9712;0,86148;0,0347;0,169813;0,055644;0,066544;mediana
01-08-2013;peru;13,64864;3,3218;0,55307;1,9697;1,972;0,86299;0,0348;0,13041;0,055277;0,066577;mediana
01-09-2013;peru;13,44384;3,3186;0,55217;1,97069;1,9691;0,86456;0,0355;0,12925;0,055722;0,066622;mediana
01-10-2013;peru;13,18218;3,3493;0,55474;1,9649;1,9842;0,85245;0,0369;0,118864;0,055901;0,066701;mediana
01-11-2013;peru;13,1612;3,2967;0,55426;1,9636;1,9767;0,85364;0,0358;0,155108;0,055774;0,066874;mediana
01-12-2013;peru;13,16878;3,2548;0,55127;1,96902;1,961;0,85481;0,0366;0,129775;0,056026;0,067226;mediana
01-01-2014;peru;13,36635;3,2863;0,55261;1,9629;1,9746;0,87328;0,0386;0,146268;0,055445;0,066545;mediana
01-02-2014;peru;13,3011;3,2997;0,55436;1,96194;1,9799;0,87252;0,039;0,133854;0,054044;0,066644;mediana
01-03-2014;peru;13,84268;3,2413;0,54989;1,96513;1,9623;0,8726;0,0377;0,232952;0,052461;0,066961;mediana
01-04-2014;peru;13,92831;3,2661;0,55018;1,96285;1,9695;0,87289;441,08;0,129469;0,050852;0,066252;mediana
01-05-2014;peru;13,86296;3,2543;0,54966;1,96615;1,9635;0,87255;0,0416;0,153935;0,049092;0,066392;mediana
01-06-2014;peru;13,72051;3,2791;0,55224;1,96149;1,9754;0,87197;0,0389;0,136086;0,047139;0,065939;mediana
01-07-2014;peru;13,43517;3,2803;0,55149;1,96106;1,9756;0,87153;0,0433;0,129474;0,043405;0,065305;mediana
01-08-2014;peru;13,40789;3,2921;0,55122;1,95827;1,9807;0,87151;0,0423;0,14317;0,041695;0,064795;mediana
01-09-2014;peru;14,07369;3,2839;0,5491;1,96271;1,972;0,87183;0,0431;0,144829;0,038693;0,064093;mediana
01-10-2014;peru;14,06363;3,3221;0,55225;1,96233;1,9822;0,87256;0,0456;0,132905;0,037177;0,063177;mediana
01-11-2014;peru;13,91949;3,3117;0,55149;1,96529;1,9767;0,87251;0,0456;0,139866;0,036315;0,064315;mediana
01-12-2014;peru;13,64707;3,3398;0,55198;1,96298;1,986;0,87363;0,0472;0,128181;0,033814;0,064214;mediana
01-01-2015;peru;13,5036;3,3546;0,54962;1,95853;1,9914;0,89182;0,053;0,160436;0,031446;0,063946;mediana
01-02-2015;peru;13,55017;3,3436;0,55131;1,95933;1,9889;0,88799;0,0535;0,152245;0,032307;0,063307;mediana
01-03-2015;peru;13,98218;3,3014;0,54284;1,98617;1,9361;0,88893;0,0499;0,12595;0,030314;0,063214;mediana
01-04-2015;peru;13,92862;3,3098;0,54256;1,98197;1,9427;0,88906;0,0514;0,136937;0,028979;0,064179;mediana
01-05-2015;peru;13,87295;3,2985;0,54265;1,96616;1,9593;0,88784;0,0528;0,157069;0,028462;0,064362;mediana
01-06-2015;peru;13,7778;3,252;0,54021;1,97123;1,9423;0,88753;0,054;0,139387;0,023562;0,063962;mediana
01-07-2015;peru;14,00917;3,2475;0,53868;1,97427;1,9368;0,8873;0,0576;0,143456;0,022636;0,064536;mediana
01-08-2015;peru;13,79808;3,3239;0,54202;1,96704;1,9623;0,88829;0,0544;0,150235;0,02288;0,06428;mediana
01-09-2015;peru;13,70911;3,3112;0,53987;1,96596;1,9592;0,88855;0,0527;0,146689;0,022618;0,063818;mediana
01-10-2015;peru;13,79733;3,2905;0,53788;1,96981;1,9479;0,88781;0,0548;0,143871;0,021011;0,063511;mediana
01-11-2015;peru;13,60608;3,2881;0,53781;1,97045;1,9468;0,7107;0,0561;0,155372;0,018627;0,063227;mediana
01-12-2015;peru;13,69617;3,2725;0,53857;1,97351;1,9415;0,7045;0,0521;0,123395;0,014822;0,063222;mediana
01-01-2016;peru;13,57534;3,3053;0,53762;1,97027;1,9509;0,65794;0,0546;0,14786;0,01557;0,06357;mediana
01-02-2016;peru;13,5396;3,2915;0,54005;1,96573;1,9547;0,68957;0,0557;0,166691;0,010737;0,062937;mediana
01-03-2016;peru;14,24835;3,3254;0,5428;1,96766;1,9611;0,68913;0,0558;0,149778;0,010569;0,062869;mediana
01-04-2016;peru;14,26209;3,3061;0,54018;1,97145;1,9514;0,69865;0,0568;0,188595;0,01045;0,06285;mediana
01-05-2016;peru;14,46289;3,2916;0,53885;1,97725;1,9406;0,72877;0,0592;0,123119;0,009853;0,062653;mediana
01-06-2016;peru;14,49874;3,2736;0,53619;1,98119;1,9302;0,71659;0,0594;0,126157;0,008901;0,062301;mediana
01-07-2016;peru;14,84631;3,2463;0,53444;1,98195;1,924;0,72409;0,0606;0,123686;0,007891;0,061591;mediana
01-08-2016;peru;14,99465;3,2394;0,53261;1,98103;1,9213;0,73272;0,0642;0,11243;0,006809;0,061609;mediana
01-09-2016;peru;14,92858;3,2626;0,53352;1,97644;1,9321;0,7352;0,0627;0,134542;0,005881;0,061181;mediana
01-10-2016;peru;14,93217;3,2403;0,5326;1,97847;1,9244;0,73795;0,0644;0,122398;0,005237;0,060337;mediana
01-11-2016;peru;14,8967;3,2634;0,5337;1,97654;1,9324;0,73963;0,0652;0,0999;0,004637;0,060137;mediana
01-12-2016;peru;14,75955;3,2507;0,53752;1,97222;1,9381;0,73876;0,0608;0,107397;-0,001917;0,059683;mediana
01-01-2017;peru;14,89228;3,258;0,53448;1,97451;1,9335;0,71857;0,0674;0,108532;0,002759;0,059459;mediana
01-02-2017;peru;14,90454;3,2768;0,53235;1,97462;1,9349;0,72307;0,0679;0,10243;-0,001803;0,058697;mediana
01-03-2017;peru;15,51286;3,2019;0,52344;1,98325;1,9065;0,72716;0,0684;0,106113;0,001102;0,058102;mediana
01-04-2017;peru;15,58421;3,2342;0,52137;1,98497;1,9094;0,7327;0,0704;0,122054;0,003676;0,057676;mediana
01-05-2017;peru;15,54769;3,2208;0,52118;1,98663;1,9036;0,73726;0,0702;0,105105;-0,002743;0,057857;mediana
01-06-2017;peru;15,42925;3,1881;0,52069;1,98946;1,8933;0,73483;0,0693;0,110793;0,004756;0,057656;mediana
01-07-2017;peru;15,61747;3,2232;0,51898;1,98409;1,9066;0,73739;0,0713;0,11468;-0,001855;0,057345;mediana
01-08-2017;peru;15,63631;3,1874;0,51784;1,98834;1,8947;0,73869;0,0725;0,098501;0,000104;0,057004;mediana
01-09-2017;peru;15,47471;3,1653;0,52436;1,9838;1,8991;0,73603;0,0708;0,09986;-0,008332;0,057268;mediana
01-05-2012;colombia;26,6286;2,6533;0,40532;2,24239;1,4321;0,61369;0,04499;1,7818;0,07023;0,1229;pequeña
01-06-2012;colombia;25,9401;2,5323;0,39491;2,24034;1,4088;0,60937;0,04569;2,3864;0,06878;0,1218;pequeña
01-07-2012;colombia;27,2383;2,6412;0,42059;2,21579;1,4709;0,60889;0,04667;2,8498;0,06639;0,1199;pequeña
01-08-2012;colombia;28,10925;2,469;0,42149;2,27031;1,3736;0,60974;0,04729;2,7638;0,07145;0,1227;pequeña
01-09-2012;colombia;28,82145;2,8929;0,42608;2,20878;1,5104;0,60737;0,04909;3,3718;0,07068;0,1185;pequeña
01-10-2012;colombia;28,91203;2,7714;0,41173;2,2514;1,4343;0,60664;0,04869;3,4217;0,07256;0,1203;pequeña
01-11-2012;colombia;28,55547;2,7258;0,39552;2,25676;1,4299;0,60474;0,05101;4,1696;0,07144;0,1183;pequeña
01-12-2012;colombia;27,88286;2,8968;0,41172;2,21978;1,5154;0,60572;0,05024;4,2166;0,07059;0,1155;pequeña
01-01-2013;colombia;29,85028;2,9184;0,43048;2,23711;1,4981;0,6113;0,05234;0,6363;0,07326;0,1152;pequeña
01-02-2013;colombia;30,21116;2,7907;0,40433;2,23986;1,4644;0,61528;0,05499;1,1632;0,07037;0,11;pequeña
01-03-2013;colombia;30,05647;2,9145;0,41811;2,24601;1,4657;0,61508;0,05887;1,756;0,07252;0,1094;pequeña
01-04-2013;colombia;29,88618;3,0533;0,43939;2,17142;1,6104;0,61792;0,05766;2,1303;0,07258;0,1041;pequeña
01-05-2013;colombia;29,61775;2,8931;0,41201;2,24318;1,4806;0,62164;0,05725;1,9408;0,06594;0,0979;pequeña
01-06-2013;colombia;16,49069;3,0747;0,44519;2,21544;1,5536;0,6254;0,05875;2,7168;0,06604;0,0977;pequeña
01-07-2013;colombia;16,83059;2,9987;0,4414;2,2331;1,5191;0,6285;0,0594;2,8271;0,06913;0,1012;pequeña
01-08-2013;colombia;15,36976;2,9385;0,42722;2,21405;1,5429;0,62918;0,0611;3,8917;0,07282;0,1055;pequeña
01-09-2013;colombia;15,6053;2,7576;0,42457;2,25098;1,4651;0,6327;0,06134;4,1703;0,07191;0,1047;pequeña
01-10-2013;colombia;14,41912;2,6574;0,40761;2,29182;1,3753;0,63522;0,06035;3,6497;0,07083;0,1036;pequeña
01-11-2013;colombia;14,49495;2,6598;0,40142;2,29608;1,3781;0,6392;0,06139;5,0327;0,06951;0,1021;pequeña
01-12-2013;colombia;14,50207;2,7937;0,42516;2,27552;1,433;0,64114;0,06216;4,2098;0,06563;0,098;pequeña
01-01-2014;colombia;9,20692;2,735;0,41785;2,2874;1,4093;0,65596;0,0667;0,6347;0,07171;0,1041;pequeña
01-02-2014;colombia;9,37223;2,5912;0,392;2,30215;1,3535;0,65723;0,06849;1,071;0,06647;0,099;pequeña
01-03-2014;colombia;10,89461;2,7705;0,41753;2,2405;1,4827;0,65164;0,0688;1,5433;0,06991;0,1015;pequeña
01-04-2014;colombia;10,73491;2,683;0,40221;2,28627;1,3945;0,6519;0,06904;1,5667;0,06748;0,1;pequeña
01-05-2014;colombia;10,62905;2,8298;0,43436;2,25097;1,4664;0,65334;0,06899;2,1718;0,06556;0,1002;pequeña
01-06-2014;colombia;10,13414;2,631;0,4078;2,26898;1,4145;0,65096;0,0718;2,5693;0,06273;0,1007;pequeña
01-07-2014;colombia;10,09087;2,7097;0,42158;2,29054;1,408;0,65171;0,07092;2,7374;0,06414;0,1034;pequeña
01-08-2014;colombia;10,00133;2,8197;0,41672;2,27778;1,4388;0,64973;0,07187;3,8315;0,06164;0,1029;pequeña
01-09-2014;colombia;9,9838;2,6747;0,40691;2,29595;1,3812;0,65215;0,07145;4,0731;0,06071;0,1049;pequeña
01-10-2014;colombia;9,72723;2,5622;0,4071;2,31212;1,3371;0,65055;0,073;3,3071;0,06202;0,107;pequeña
01-11-2014;colombia;18,23247;3,1699;0,46742;2,20181;1,6211;0,65027;0,07499;4,4307;0,06166;0,1067;pequeña
01-12-2014;colombia;17,89902;3,0324;0,44827;2,21968;1,5598;0,64325;0,07393;3,6654;0,05871;0,1038;pequeña
01-01-2015;colombia;17,69725;2,9017;0,44486;2,271;1,4699;0,07578;0,07552;0,6251;0,06393;0,1092;pequeña
01-02-2015;colombia;19,87569;2,7093;0,38998;2,32539;1,3788;0,10211;0,06453;0,8721;0,05943;0,1046;pequeña
01-03-2015;colombia;19,16699;2,7297;0,42107;2,2811;1,4521;0,11845;0,06697;1,2214;0,06559;0,1106;pequeña
01-04-2015;colombia;20,0126;2,7953;0,41093;2,29813;1,4443;0,12698;0,06438;1,1133;0,06251;0,1077;pequeña
01-05-2015;colombia;19,67655;2,8168;0,42035;2,3184;1,4155;0,11847;0,06203;1,6877;0,06383;0,109;pequeña
01-06-2015;colombia;9,84571;2,7504;0,41918;2,34077;1,374;0,11354;0,06396;1,9089;0,063;0,1082;pequeña
01-07-2015;colombia;9,61699;3,0578;0,43574;2,30151;1,5031;0,10206;0,06408;1,9319;0,06355;0,1089;pequeña
01-08-2015;colombia;9,33463;2,9818;0,44888;2,23985;1,5477;0,09699;0,06406;2,3564;0,06126;0,1065;pequeña
01-09-2015;colombia;9,43625;3,0361;0,44016;2,29649;1,5017;0,09882;0,06392;1,9508;0,06306;0,1087;pequeña
01-10-2015;colombia;9,45247;2,8946;0,41561;2,32998;1,4148;0,10149;0,06449;2,8337;0,0618;0,1103;pequeña
01-11-2015;colombia;9,25828;2,7482;0,43015;2,30433;1,4193;0,09479;0,06629;3,1548;0,06494;0,1165;pequeña
01-12-2015;colombia;9,18071;2,7585;0,4304;2,32916;1,3969;0,09235;0,06517;2,4665;0,06274;0,1186;pequeña
01-01-2016;colombia;9,03206;2,6619;0,44609;2,29301;1,4406;0,05649;0,06779;0,4603;0,06828;0,1261;pequeña
01-02-2016;colombia;8,80608;2,9469;0,45532;2,26144;1,5216;0,08303;0,06824;0,6833;0,065;0,1258;pequeña
01-03-2016;colombia;9,87674;2,6474;0,44202;2,33094;1,3958;0,10313;0,07014;0,8247;0,07185;0,1351;pequeña
01-04-2016;colombia;10,07324;2,7989;0,45924;2,29478;1,4734;0,09997;0,06975;1,2095;0,07591;0,1409;pequeña
01-05-2016;colombia;9,93051;2,9778;0,44672;2,29914;1,4886;0,09711;0,07121;1,5615;0,07266;0,1429;pequeña
01-06-2016;colombia;9,3525;2,6472;0,42973;2,33568;1,3856;0,11798;0,07163;1,3517;0,06906;0,1424;pequeña
01-07-2016;colombia;9,2405;2,8879;0,4577;2,3103;1,4649;0,1098;0,07231;2,1268;0,07145;0,1461;pequeña
01-08-2016;colombia;9,26251;2,9923;0,45989;2,29409;1,5056;0,10782;0,07173;1,8151;0,069;0,1467;pequeña
01-09-2016;colombia;9,74977;2,89;0,4641;2,32122;1,4662;0,10704;0,07001;2,2957;0,06749;0,1451;pequeña
01-10-2016;colombia;9,81017;2,8798;0,4572;2,29732;1,4855;0,11837;0,07208;2,765;0,06614;0,1437;pequeña
01-11-2016;colombia;9,52877;2,9369;0,46548;2,30334;1,4942;0,11161;0,07401;2,2709;0,0687;0,1462;pequeña
01-12-2016;colombia;9,60725;2,8111;0,43063;2,32218;1,4271;0,10957;0,07285;2,6637;0,0639;0,1404;pequeña
01-01-2017;colombia;9,55997;3,2693;0,48914;2,23834;1,6615;0,08522;0,07568;0,5729;0,06734;0,1424;pequeña
01-02-2017;colombia;9,53303;3,0855;0,46055;2,27889;1,5476;0,08847;0,0769;0,7973;0,06315;0,1379;pequeña
01-03-2017;colombia;10,5301;3,1484;0,48168;2,27407;1,5867;0,10515;0,07613;0,9463;0,06617;0,1381;pequeña
01-04-2017;colombia;10,4976;3,1963;0,48784;2,24499;1,6226;0,10136;0,07915;1,4102;0,06817;0,1381;pequeña
01-05-2017;colombia;10,45939;2,9056;0,48338;2,26742;1,5449;0,09708;0,07933;1,2392;0,06916;0,134;pequeña
01-06-2017;colombia;10,33555;3,0034;0,46385;2,27663;1,5328;0,08995;0,07811;1,709;0,06615;0,1287;pequeña
01-07-2017;colombia;10,40476;3,3073;0,49623;2,23609;1,6665;0,09115;0,0778;2,1368;0,06962;0,1269;pequeña
01-08-2017;colombia;10,44289;3,0553;0,45613;2,30481;1,519;0,08854;0,07785;1,8208;0,0683;0,1236;pequeña
01-09-2017;colombia;10,31183;3,2309;0,47866;2,25672;1,6211;0,08659;0,07721;2,522;0,0681;0,1207;pequeña
01-05-2012;colombia;26,6286;2,6533;0,40532;2,24239;1,4321;0,61369;0,01901;1,7818;0,02733;0,08;grande
01-06-2012;colombia;25,9401;2,5323;0,39491;2,24034;1,4088;0,60937;0,01859;2,3864;0,02698;0,08;grande
01-07-2012;colombia;27,2383;2,6412;0,42059;2,21579;1,4709;0,60889;0,02029;2,8498;0,02649;0,08;grande
01-08-2012;colombia;28,10925;2,469;0,42149;2,27031;1,3736;0,60974;0,01945;2,7638;0,03875;0,09;grande
01-09-2012;colombia;28,82145;2,8929;0,42608;2,20878;1,5104;0,60737;0,01911;3,3718;0,03218;0,08;grande
01-10-2012;colombia;28,91203;2,7714;0,41173;2,2514;1,4343;0,60664;0,01881;3,4217;0,03226;0,08;grande
01-11-2012;colombia;28,55547;2,7258;0,39552;2,25676;1,4299;0,60474;0,01947;4,1696;0,03314;0,08;grande
01-12-2012;colombia;27,88286;2,8968;0,41172;2,21978;1,5154;0,60572;0,01834;4,2166;0,03509;0,08;grande
01-01-2013;colombia;29,85028;2,9184;0,43048;2,23711;1,4981;0,6113;0,02026;0,6363;0,03806;0,08;grande
01-02-2013;colombia;30,21116;2,7907;0,40433;2,23986;1,4644;0,61528;0,01987;1,1632;0,04037;0,08;grande
01-03-2013;colombia;30,05647;2,9145;0,41811;2,24601;1,4657;0,61508;0,0211;1,756;0,03312;0,07;grande
01-04-2013;colombia;29,88618;3,0533;0,43939;2,17142;1,6104;0,61792;0,022;2,1303;0,03848;0,07;grande
01-05-2013;colombia;29,61775;2,8931;0,41201;2,24318;1,4806;0,62164;0,01997;1,9408;0,03804;0,07;grande
01-06-2013;colombia;16,49069;3,0747;0,44519;2,21544;1,5536;0,6254;0,0189;2,7168;0,03834;0,07;grande
01-07-2013;colombia;16,83059;2,9987;0,4414;2,2331;1,5191;0,6285;0,01959;2,8271;0,03793;0,07;grande
01-08-2013;colombia;15,36976;2,9385;0,42722;2,21405;1,5429;0,62918;0,0205;3,8917;0,03732;0,07;grande
01-09-2013;colombia;15,6053;2,7576;0,42457;2,25098;1,4651;0,6327;0,02065;4,1703;0,03721;0,07;grande
01-10-2013;colombia;14,41912;2,6574;0,40761;2,29182;1,3753;0,63522;0,02054;3,6497;0,03723;0,07;grande
01-11-2013;colombia;14,49495;2,6598;0,40142;2,29608;1,3781;0,6392;0,0212;5,0327;0,03741;0,07;grande
01-12-2013;colombia;14,50207;2,7937;0,42516;2,27552;1,433;0,64114;0,01986;4,2098;0,03763;0,07;grande
01-01-2014;colombia;9,20692;2,735;0,41785;2,2874;1,4093;0,65596;0,02121;0,6347;0,03761;0,07;grande
01-02-2014;colombia;9,37223;2,5912;0,392;2,30215;1,3535;0,65723;0,02144;1,071;0,03747;0,07;grande
01-03-2014;colombia;10,89461;2,7705;0,41753;2,2405;1,4827;0,65164;0,0223;1,5433;0,03841;0,07;grande
01-04-2014;colombia;10,73491;2,683;0,40221;2,28627;1,3945;0,6519;0,02309;1,5667;0,03748;0,07;grande
01-05-2014;colombia;10,62905;2,8298;0,43436;2,25097;1,4664;0,65334;0,02248;2,1718;0,03536;0,07;grande
01-06-2014;colombia;10,13414;2,631;0,4078;2,26898;1,4145;0,65096;0,02258;2,5693;0,03203;0,07;grande
01-07-2014;colombia;10,09087;2,7097;0,42158;2,29054;1,408;0,65171;0,0226;2,7374;0,03074;0,07;grande
01-08-2014;colombia;10,00133;2,8197;0,41672;2,27778;1,4388;0,64973;0,02306;3,8315;0,03874;0,08;grande
01-09-2014;colombia;9,9838;2,6747;0,40691;2,29595;1,3812;0,65215;0,02323;4,0731;0,03581;0,08;grande
01-10-2014;colombia;9,72723;2,5622;0,4071;2,31212;1,3371;0,65055;0,02297;3,3071;0,02502;0,07;grande
01-11-2014;colombia;18,23247;3,1699;0,46742;2,20181;1,6211;0,65027;0,02275;4,4307;0,02496;0,07;grande
01-12-2014;colombia;17,89902;3,0324;0,44827;2,21968;1,5598;0,64325;0,02185;3,6654;0,02491;0,07;grande
01-01-2015;colombia;17,69725;2,9017;0,44486;2,271;1,4699;0,07578;0,02303;0,6251;0,02473;0,07;grande
01-02-2015;colombia;19,87569;2,7093;0,38998;2,32539;1,3788;0,10211;0,02288;0,8721;0,03483;0,08;grande
01-03-2015;colombia;19,16699;2,7297;0,42107;2,2811;1,4521;0,11845;0,02277;1,2214;0,03499;0,08;grande
01-04-2015;colombia;20,0126;2,7953;0,41093;2,29813;1,4443;0,12698;0,02301;1,1133;0,03481;0,08;grande
01-05-2015;colombia;19,67655;2,8168;0,42035;2,3184;1,4155;0,11847;0,02252;1,6877;0,03483;0,08;grande
01-06-2015;colombia;9,84571;2,7504;0,41918;2,34077;1,374;0,11354;0,02263;1,9089;0,0348;0,08;grande
01-07-2015;colombia;9,61699;3,0578;0,43574;2,30151;1,5031;0,10206;0,02268;1,9319;0,03465;0,08;grande
01-08-2015;colombia;9,33463;2,9818;0,44888;2,23985;1,5477;0,09699;0,0226;2,3564;0,03476;0,08;grande
01-09-2015;colombia;9,43625;3,0361;0,44016;2,29649;1,5017;0,09882;0,02291;1,9508;0,04436;0,09;grande
01-10-2015;colombia;9,45247;2,8946;0,41561;2,32998;1,4148;0,10149;0,02223;2,8337;0,0415;0,09;grande
01-11-2015;colombia;9,25828;2,7482;0,43015;2,30433;1,4193;0,09479;0,02288;3,1548;0,03844;0,09;grande
01-12-2015;colombia;9,18071;2,7585;0,4304;2,32916;1,3969;0,09235;0,02114;2,4665;0,04414;0,1;grande
01-01-2016;colombia;9,03206;2,6619;0,44609;2,29301;1,4406;0,05649;0,02266;0,4603;0,04218;0,1;grande
01-02-2016;colombia;8,80608;2,9469;0,45532;2,26144;1,5216;0,08303;0,02352;0,6833;0,0492;0,11;grande
01-03-2016;colombia;9,87674;2,6474;0,44202;2,33094;1,3958;0,10313;0,02404;0,8247;0,04675;0,11;grande
01-04-2016;colombia;10,07324;2,7989;0,45924;2,29478;1,4734;0,09997;0,02462;1,2095;0,05501;0,12;grande
01-05-2016;colombia;9,93051;2,9778;0,44672;2,29914;1,4886;0,09711;0,02385;1,5615;0,04976;0,12;grande
01-06-2016;colombia;9,3525;2,6472;0,42973;2,33568;1,3856;0,11798;0,02187;1,3517;0,04666;0,12;grande
01-07-2016;colombia;9,2405;2,8879;0,4577;2,3103;1,4649;0,1098;0,02439;2,1268;0,04535;0,12;grande
01-08-2016;colombia;9,26251;2,9923;0,45989;2,29409;1,5056;0,10782;0,02482;1,8151;0,0423;0,12;grande
01-09-2016;colombia;9,74977;2,89;0,4641;2,32122;1,4662;0,10704;0,02451;2,2957;0,04239;0,12;grande
01-10-2016;colombia;9,81017;2,8798;0,4572;2,29732;1,4855;0,11837;0,02602;2,765;0,04244;0,12;grande
01-11-2016;colombia;9,52877;2,9369;0,46548;2,30334;1,4942;0,11161;0,02542;2,2709;0,0425;0,12;grande
01-12-2016;colombia;9,60725;2,8111;0,43063;2,32218;1,4271;0,10957;0,02258;2,6637;0,0435;0,12;grande
01-01-2017;colombia;9,55997;3,2693;0,48914;2,23834;1,6615;0,08522;0,03097;0,5729;0,04494;0,12;grande
01-02-2017;colombia;9,53303;3,0855;0,46055;2,27889;1,5476;0,08847;0,03063;0,7973;0,04525;0,12;grande
01-03-2017;colombia;10,5301;3,1484;0,48168;2,27407;1,5867;0,10515;0,03307;0,9463;0,04807;0,12;grande
01-04-2017;colombia;10,4976;3,1963;0,48784;2,24499;1,6226;0,10136;0,03498;1,4102;0,04007;0,11;grande
01-05-2017;colombia;10,45939;2,9056;0,48338;2,26742;1,5449;0,09708;0,03537;1,2392;0,04516;0,11;grande
01-06-2017;colombia;10,33555;3,0034;0,46385;2,27663;1,5328;0,08995;0,03519;1,709;0,04745;0,11;grande
01-07-2017;colombia;10,40476;3,3073;0,49623;2,23609;1,6665;0,09115;0,03682;2,1368;0,04272;0,1;grande
01-08-2017;colombia;10,44289;3,0553;0,45613;2,30481;1,519;0,08854;0,03766;1,8208;0,0347;0,09;grande
01-09-2017;colombia;10,31183;3,2309;0,47866;2,25672;1,6211;0,08659;0,03805;2,522;0,0374;0,09;grande
01-05-2012;chile;12,7472;2,008;0,4009;2,2597;1,315;0,4735;0,0356;2,0728;0,0312;0,0796;grande
01-06-2012;chile;12,9094;2,006;0,401;2,2592;1,315;0,4765;0,0367;2,0586;0,0289;0,078;grande
01-07-2012;chile;13,0519;2,043;0,4038;2,2576;1,32;0,4805;0,0388;2,0601;0,0259;0,0753;grande
01-08-2012;chile;12,8967;2,012;0,4001;2,2625;1,31;0,4834;0,0341;2,0854;0,0305;0,0789;grande
01-09-2012;chile;12,9847;1,996;0,3979;2,2645;1,305;0,4827;0,0379;2,0696;0,0295;0,0784;grande
01-10-2012;chile;12,9924;1,978;0,3954;2,2674;1,3;0,4774;0,0379;2,0316;0,028;0,0775;grande
01-11-2012;chile;12,9615;1,98;0,3945;2,2665;1,299;0,4741;0,0362;2,0224;0,0289;0,0789;grande
01-12-2012;chile;13,1064;1,971;0,3925;2,275;1,29;0,4779;0,0319;1,998;0,0303;0,0789;grande
01-01-2013;chile;13,1038;1,965;0,3941;2,266;1,297;0,5202;0,0365;2,0324;0,0322;0,0777;grande
01-02-2013;chile;13,2994;1,954;0,3921;2,2673;1,294;0,5107;0,0353;2,0396;0,0254;0,0763;grande
01-03-2013;chile;13,4229;1,962;0,3931;2,2695;1,293;0,5059;0,0369;2,0561;0,025;0,0757;grande
01-04-2013;chile;13,1099;1,962;0,3928;2,272;1,29;0,5032;0,0371;2,1196;0,0241;0,0744;grande
01-05-2013;chile;12,9601;1,949;0,3909;2,2765;1,284;0,5122;0,0374;2,1217;0,0221;0,0727;grande
01-06-2013;chile;12,9019;1,971;0,3917;2,2789;1,283;0,5159;0,037;2,0341;0,0199;0,0702;grande
01-07-2013;chile;12,8204;1,968;0,391;2,2798;1,282;0,5323;0,0378;2,0704;0,0155;0,0663;grande
01-08-2013;chile;12,6458;1,968;0,3942;2,2788;1,287;0,5051;0,0363;2,1019;0,0192;0,0696;grande
01-09-2013;chile;12,9072;1,982;0,3978;2,2781;1,293;0,5041;0,0378;2,1388;0,0227;0,0733;grande
01-10-2013;chile;12,9875;1,985;0,3947;2,2824;1,284;0,5012;0,0372;2,1686;0,0231;0,0725;grande
01-11-2013;chile;12,7486;1,972;0,3948;2,2822;1,285;0,5029;0,036;2,1692;0,0238;0,0706;grande
01-12-2013;chile;13,0782;1,986;0,3972;2,2836;1,288;0,5026;0,0348;2,1721;0,0196;0,0649;grande
01-01-2014;chile;12,8478;1,986;0,3962;2,2878;1,283;0,4968;0,0367;2,1951;0,0186;0,0637;grande
01-02-2014;chile;12,9235;1,988;0,3959;2,2879;1,282;0,5036;0,0364;2,1915;0,0209;0,0651;grande
01-03-2014;chile;12,9578;1,995;0,3945;2,2931;1,276;0,4995;0,0387;2,2327;0,0209;0,0622;grande
01-04-2014;chile;12,9236;1,992;0,3929;2,2966;1,269;0,497;0,0408;2,256;0,0196;0,0597;grande
01-05-2014;chile;13,0891;1,996;0,3924;2,297;1,267;0,4941;0,041;2,2743;0,0159;0,056;grande
01-06-2014;chile;13,235;1,99;0,3906;2,3002;1,263;0,4979;0,0413;2,2838;0,0167;0,0568;grande
01-07-2014;chile;13,0943;2,009;0,3924;2,2983;1,268;0,506;0,0397;2,2619;0,0195;0,0584;grande
01-08-2014;chile;12,9977;1,986;0,3909;2,3009;1,264;0,5093;0,0393;2,3357;0,0176;0,0541;grande
01-09-2014;chile;12,9713;1,981;0,3888;2,3029;1,26;0,512;0,0403;2,3284;0,0189;0,0525;grande
01-10-2014;chile;13,1376;1,985;0,3889;2,3007;1,263;0,5095;0,0383;2,3496;0,0197;0,0513;grande
01-11-2014;chile;12,9517;1,992;0,3897;2,3011;1,263;0,506;0,0381;2,3521;0,0205;0,0508;grande
01-12-2014;chile;13,1582;1,97;0,3855;2,3079;1,251;0,5078;0,0349;2,3591;0,021;0,0512;grande
01-01-2015;chile;12,9395;1,972;0,3849;2,3083;1,25;0,7132;0,0369;2,3931;0,0204;0,0506;grande
01-02-2015;chile;13,0867;1,992;0,3864;2,3061;1,254;0,6555;0,038;2,3971;0,0207;0,0509;grande
01-03-2015;chile;12,9899;2,009;0,388;2,3027;1,259;0,6069;0,0393;2,3047;0,0214;0,0516;grande
01-04-2015;chile;13,0546;2,025;0,3891;2,2982;1,265;0,5779;0,0393;2,3042;0,0217;0,0519;grande
01-05-2015;chile;13,0603;2,022;0,3905;2,2899;1,269;0,5639;0,039;2,2921;0,0207;0,0508;grande
01-06-2015;chile;12,8465;2,015;0,3911;2,2894;1,27;0,5605;0,0402;2,3201;0,0231;0,0533;grande
01-07-2015;chile;12,5161;2,02;0,3954;2,277;1,284;0,5572;0,0386;2,3183;0,0227;0,0528;grande
01-08-2015;chile;12,4268;2,031;0,3974;2,2684;1,29;0,553;0,039;2,3338;0,0223;0,0524;grande
01-09-2015;chile;12,3828;2,018;0,3946;2,2713;1,284;0,545;0,0377;2,3492;0,0215;0,0517;grande
01-10-2015;chile;12,3939;2;0,3929;2,2721;1,281;0,5385;0,0389;2,3548;0,0214;0,0529;grande
01-11-2015;chile;12,4358;1,975;0,3892;2,2754;1,273;0,5366;0,04;2,3575;0,0224;0,0551;grande
01-12-2015;chile;12,4261;1,965;0,3877;2,2759;1,27;0,5395;0,0348;2,4001;0,0208;0,0543;grande
01-01-2016;chile;12,2375;1,974;0,3873;2,2758;1,27;0,5773;0,0399;2,4048;0,0223;0,0576;grande
01-02-2016;chile;12,3658;1,974;0,3872;2,2744;1,272;0,5467;0,0385;2,4271;0,0223;0,0575;grande
01-03-2016;chile;12,7795;1,979;0,3873;2,2726;1,275;0,5353;0,0407;2,4426;0,0221;0,0574;grande
01-04-2016;chile;11,3424;1,982;0,3886;2,1882;1,348;0,5317;0,041;2,4788;0,022;0,0572;grande
01-05-2016;chile;11,4839;1,994;0,3884;2,1903;1,346;0,5287;0,0419;2,476;0,0214;0,0566;grande
01-06-2016;chile;11,5585;1,99;0,3875;2,1884;1,347;0,5267;0,0429;2,468;0,0199;0,0553;grande
01-07-2016;chile;11,7841;1,987;0,3871;2,1899;1,345;0,5267;0,0433;2,4668;0,0201;0,0556;grande
01-08-2016;chile;11,6978;1,988;0,3868;2,1912;1,343;0,5263;0,041;2,4888;0,0199;0,0553;grande
01-09-2016;chile;11,8743;1,998;0,388;2,19;1,346;0,5302;0,0411;2,4415;0,0203;0,0556;grande
01-10-2016;chile;11,9181;2;0,387;2,1899;1,345;0,5323;0,0432;2,4271;0,0194;0,0547;grande
01-11-2016;chile;11,8208;1,993;0,387;2,1937;1,34;0,5349;0,0438;2,4335;0,019;0,0542;grande
01-12-2016;chile;11,9249;1,989;0,3867;2,1942;1,339;0,5362;0,0397;2,4537;0,0187;0,0538;grande
01-01-2017;chile;11,811;1,981;0,3854;2,1939;1,335;0,6048;0,043;2,4401;0,0203;0,0545;grande
01-02-2017;chile;11,859;1,98;0,3849;2,1954;1,334;0,5668;0,0421;2,4519;0,0203;0,0527;grande
01-03-2017;chile;11,8242;1,982;0,3844;2,1978;1,33;0,5537;0,0417;2,4473;0,0199;0,0516;grande
01-04-2017;chile;11,7776;1,967;0,3817;2,1993;1,326;0,5353;0,0443;2,4465;0,021;0,0502;grande
01-05-2017;chile;11,7578;1,958;0,3822;2,1816;1,336;0,5379;0,0418;2,4984;0,0194;0,0464;grande
01-06-2017;chile;11,8442;1,952;0,3815;2,1816;1,336;0,5465;0,0427;2,4793;0,021;0,0465;grande
01-07-2017;chile;11,9103;1,958;0,3809;2,1827;1,335;0,5611;0,043;2,4943;0,0201;0,0456;grande
01-08-2017;chile;11,9061;1,954;0,3799;2,1838;1,333;0,5636;0,0413;2,4762;0,0186;0,044;grande
01-09-2017;chile;11,9894;1,97;0,3797;2,1844;1,332;0,568;0,0421;2,4612;0,0178;0,0433;grande
01-05-2012;chile;12,7472;2,008;0,4009;2,2597;1,315;0,4735;0,06;2,07;0,07;0,12;mediana
01-06-2012;chile;12,9094;2,006;0,401;2,2592;1,315;0,4765;0,06;2,06;0,07;0,12;mediana
01-07-2012;chile;13,0519;2,043;0,4038;2,2576;1,32;0,4805;0,06;2,06;0,07;0,11;mediana
01-08-2012;chile;12,8967;2,012;0,4001;2,2625;1,31;0,4834;0,06;2,09;0,07;0,11;mediana
01-09-2012;chile;12,9847;1,996;0,3979;2,2645;1,305;0,4827;0,06;2,07;0,07;0,11;mediana
01-10-2012;chile;12,9924;1,978;0,3954;2,2674;1,3;0,4774;0,06;2,03;0,07;0,11;mediana
01-11-2012;chile;12,9615;1,98;0,3945;2,2665;1,299;0,4741;0,06;2,02;0,06;0,11;mediana
01-12-2012;chile;13,1064;1,971;0,3925;2,275;1,29;0,4779;0,06;2;0,07;0,11;mediana
01-01-2013;chile;13,1038;1,965;0,3941;2,266;1,297;0,5202;0,06;2,03;0,07;0,11;mediana
01-02-2013;chile;13,2994;1,954;0,3921;2,2673;1,294;0,5107;0,06;2,04;0,06;0,11;mediana
01-03-2013;chile;13,4229;1,962;0,3931;2,2695;1,293;0,5059;0,06;2,06;0,06;0,11;mediana
01-04-2013;chile;13,1099;1,962;0,3928;2,272;1,29;0,5032;0,06;2,12;0,06;0,11;mediana
01-05-2013;chile;12,9601;1,949;0,3909;2,2765;1,284;0,5122;0,06;2,12;0,05;0,1;mediana
01-06-2013;chile;12,9019;1,971;0,3917;2,2789;1,283;0,5159;0,07;2,03;0,05;0,1;mediana
01-07-2013;chile;12,8204;1,968;0,391;2,2798;1,282;0,5323;0,07;2,07;0,05;0,1;mediana
01-08-2013;chile;12,6458;1,968;0,3942;2,2788;1,287;0,5051;0,06;2,1;0,05;0,1;mediana
01-09-2013;chile;12,9072;1,982;0,3978;2,2781;1,293;0,5041;0,07;2,14;0,05;0,1;mediana
01-10-2013;chile;12,9875;1,985;0,3947;2,2824;1,284;0,5012;0,07;2,17;0,05;0,1;mediana
01-11-2013;chile;12,7486;1,972;0,3948;2,2822;1,285;0,5029;0,07;2,17;0,05;0,1;mediana
01-12-2013;chile;13,0782;1,986;0,3972;2,2836;1,288;0,5026;0,06;2,17;0,05;0,1;mediana
01-01-2014;chile;12,8478;1,986;0,3962;2,2878;1,283;0,4968;0,07;2,2;0,05;0,1;mediana
01-02-2014;chile;12,9235;1,988;0,3959;2,2879;1,282;0,5036;0,07;2,19;0,05;0,1;mediana
01-03-2014;chile;12,9578;1,995;0,3945;2,2931;1,276;0,4995;0,07;2,23;0,05;0,1;mediana
01-04-2014;chile;12,9236;1,992;0,3929;2,2966;1,269;0,497;0,07;2,26;0,05;0,09;mediana
01-05-2014;chile;13,0891;1,996;0,3924;2,297;1,267;0,4941;0,07;2,27;0,05;0,09;mediana
01-06-2014;chile;13,235;1,99;0,3906;2,3002;1,263;0,4979;0,07;2,28;0,05;0,09;mediana
01-07-2014;chile;13,0943;2,009;0,3924;2,2983;1,268;0,506;0,07;2,26;0,05;0,09;mediana
01-08-2014;chile;12,9977;1,986;0,3909;2,3009;1,264;0,5093;0,07;2,34;0,05;0,09;mediana
01-09-2014;chile;12,9713;1,981;0,3888;2,3029;1,26;0,512;0,07;2,33;0,05;0,08;mediana
01-10-2014;chile;13,1376;1,985;0,3889;2,3007;1,263;0,5095;0,07;2,35;0,05;0,08;mediana
01-11-2014;chile;12,9517;1,992;0,3897;2,3011;1,263;0,506;0,07;2,35;0,05;0,08;mediana
01-12-2014;chile;13,1582;1,97;0,3855;2,3079;1,251;0,5078;0,07;2,36;0,05;0,08;mediana
01-01-2015;chile;12,9395;1,972;0,3849;2,3083;1,25;0,7132;0,07;2,39;0,05;0,08;mediana
01-02-2015;chile;13,0867;1,992;0,3864;2,3061;1,254;0,6555;0,07;2,4;0,05;0,08;mediana
01-03-2015;chile;12,9899;2,009;0,388;2,3027;1,259;0,6069;0,07;2,3;0,05;0,08;mediana
01-04-2015;chile;13,0546;2,025;0,3891;2,2982;1,265;0,5779;0,07;2,3;0,05;0,08;mediana
01-05-2015;chile;13,0603;2,022;0,3905;2,2899;1,269;0,5639;0,07;2,29;0,05;0,08;mediana
01-06-2015;chile;12,8465;2,015;0,3911;2,2894;1,27;0,5605;0,07;2,32;0,05;0,08;mediana
01-07-2015;chile;12,5161;2,02;0,3954;2,277;1,284;0,5572;0,07;2,32;0,05;0,08;mediana
01-08-2015;chile;12,4268;2,031;0,3974;2,2684;1,29;0,553;0,07;2,33;0,05;0,08;mediana
01-09-2015;chile;12,3828;2,018;0,3946;2,2713;1,284;0,545;0,07;2,35;0,05;0,08;mediana
01-10-2015;chile;12,3939;2;0,3929;2,2721;1,281;0,5385;0,07;2,35;0,05;0,09;mediana
01-11-2015;chile;12,4358;1,975;0,3892;2,2754;1,273;0,5366;0,07;2,36;0,05;0,09;mediana
01-12-2015;chile;12,4261;1,965;0,3877;2,2759;1,27;0,5395;0,07;2,4;0,05;0,09;mediana
01-01-2016;chile;12,2375;1,974;0,3873;2,2758;1,27;0,5773;0,07;2,4;0,05;0,09;mediana
01-02-2016;chile;12,3658;1,974;0,3872;2,2744;1,272;0,5467;0,07;2,43;0,06;0,09;mediana
01-03-2016;chile;12,7795;1,979;0,3873;2,2726;1,275;0,5353;0,07;2,44;0,05;0,09;mediana
01-04-2016;chile;11,3424;1,982;0,3886;2,1882;1,348;0,5317;0,07;2,48;0,05;0,09;mediana
01-05-2016;chile;11,4839;1,994;0,3884;2,1903;1,346;0,5287;0,07;2,48;0,05;0,09;mediana
01-06-2016;chile;11,5585;1,99;0,3875;2,1884;1,347;0,5267;0,07;2,47;0,05;0,09;mediana
01-07-2016;chile;11,7841;1,987;0,3871;2,1899;1,345;0,5267;0,07;2,47;0,05;0,08;mediana
01-08-2016;chile;11,6978;1,988;0,3868;2,1912;1,343;0,5263;0,07;2,49;0,05;0,09;mediana
01-09-2016;chile;11,8743;1,998;0,388;2,19;1,346;0,5302;0,06;2,44;0,05;0,09;mediana
01-10-2016;chile;11,9181;2;0,387;2,1899;1,345;0,5323;0,06;2,43;0,05;0,08;mediana
01-11-2016;chile;11,8208;1,993;0,387;2,1937;1,34;0,5349;0,06;2,43;0,05;0,08;mediana
01-12-2016;chile;11,9249;1,989;0,3867;2,1942;1,339;0,5362;0,06;2,45;0,05;0,08;mediana
01-01-2017;chile;11,811;1,981;0,3854;2,1939;1,335;0,6048;0,06;2,44;0,05;0,09;mediana
01-02-2017;chile;11,859;1,98;0,3849;2,1954;1,334;0,5668;0,06;2,45;0,05;0,08;mediana
01-03-2017;chile;11,8242;1,982;0,3844;2,1978;1,33;0,5537;0,06;2,45;0,05;0,08;mediana
01-04-2017;chile;11,7776;1,967;0,3817;2,1993;1,326;0,5353;0,06;2,45;0,05;0,08;mediana
01-05-2017;chile;11,7578;1,958;0,3822;2,1816;1,336;0,5379;0,06;2,5;0,05;0,08;mediana
01-06-2017;chile;11,8442;1,952;0,3815;2,1816;1,336;0,5465;0,06;2,48;0,06;0,08;mediana
01-07-2017;chile;11,9103;1,958;0,3809;2,1827;1,335;0,5611;0,06;2,49;0,05;0,08;mediana
01-08-2017;chile;11,9061;1,954;0,3799;2,1838;1,333;0,5636;0,06;2,48;0,05;0,08;mediana
01-09-2017;chile;11,9894;1,97;0,3797;2,1844;1,332;0,568;0,06;2,46;0,05;0,08;mediana
01-05-2012;peru;14,0194;3,3039;0,55537;1,97253;1,9637;0,71935;0,0051;0,1351;0,04791;0,06761;grande
01-06-2012;peru;14,25261;3,3227;0,55622;1,97222;1,9684;0,72088;0,0049;0,08803;0,04704;0,06774;grande
01-07-2012;peru;13,55008;3,2974;0,55297;1,97393;1,9583;0,7213;0,004;0,08965;0,04555;0,06775;grande
01-08-2012;peru;13,41888;3,2957;0,55347;1,97302;1,9594;0,72168;0,0057;7,74708;0,04381;0,06741;grande
01-09-2012;peru;13,24569;3,3319;0,55791;1,96928;1,9755;0,7213;0,0043;0,29192;0,04336;0,06726;grande
01-10-2012;peru;13,02833;3,3073;0,55586;1,97334;1,9639;0,7225;0,0045;0,15775;0,04308;0,06748;grande
01-11-2012;peru;13,18744;3,333;0,55755;1,97257;1,9719;0,72073;0,0042;0,21162;0,04615;0,06725;grande
01-12-2012;peru;13,70679;3,3384;0,55605;1,97687;1,9673;0,72251;0,0039;0,14613;0,04904;0,06684;grande
01-01-2013;peru;13,7429;3,3458;0,55491;1,98222;1,9653;0,85544;0,0039;0,15312;0,05048;0,06578;grande
01-02-2013;peru;13,63995;3,3518;0,55362;1,97921;1,9681;0,85264;0,0041;0,16176;0,05204;0,06504;grande
01-03-2013;peru;14,12164;3,315;0,55248;1,98323;1,955;0,85109;0,0044;0,12763;0,05572;0,06492;grande
01-04-2013;peru;14,21724;3,2881;0,55218;1,98118;1,9527;0,85439;0,0047;0,13512;0,05532;0,06582;grande
01-05-2013;peru;14,08077;3,2964;0,55248;1,9815;1,9535;0,85773;0,0039;0,16099;0,05491;0,06621;grande
01-06-2013;peru;14,17758;3,3052;0,55348;1,97643;1,9625;0,85937;0,0037;0,17425;0,05561;0,06651;grande
01-07-2013;peru;13,84117;3,3342;0,55371;1,97287;1,9712;0,86148;0,0046;0,16981;0,05564;0,06654;grande
01-08-2013;peru;13,64864;3,3218;0,55307;1,9697;1,972;0,86299;0,0044;0,13041;0,05528;0,06658;grande
01-09-2013;peru;13,44384;3,3186;0,55217;1,97069;1,9691;0,86456;0,0039;0,12925;0,05572;0,06662;grande
01-10-2013;peru;13,18218;3,3493;0,55474;1,9649;1,9842;0,85245;0,0035;0,11886;0,0559;0,0667;grande
01-11-2013;peru;13,1612;3,2967;0,55426;1,9636;1,9767;0,85364;0,0041;0,15511;0,05577;0,06687;grande
01-12-2013;peru;13,16878;3,2548;0,55127;1,96902;1,961;0,85481;0,0038;0,12977;0,05603;0,06723;grande
01-01-2014;peru;13,36635;3,2863;0,55261;1,9629;1,9746;0,87328;0,0049;0,14627;0,05544;0,06654;grande
01-02-2014;peru;13,3011;3,2997;0,55436;1,96194;1,9799;0,87252;0,0053;0,13385;0,05404;0,06664;grande
01-03-2014;peru;13,84268;3,2413;0,54989;1,96513;1,9623;0,8726;0,0054;0,23295;0,05246;0,06696;grande
01-04-2014;peru;13,92831;3,2661;0,55018;1,96285;1,9695;0,87289;0,0056;0,12947;0,05085;0,06625;grande
01-05-2014;peru;13,86296;3,2543;0,54966;1,96615;1,9635;0,87255;0,0056;0,15393;0,04909;0,06639;grande
01-06-2014;peru;13,72051;3,2791;0,55224;1,96149;1,9754;0,87197;0,0043;0,13609;0,04714;0,06594;grande
01-07-2014;peru;13,43517;3,2803;0,55149;1,96106;1,9756;0,87153;0,0055;0,12947;0,0434;0,0653;grande
01-08-2014;peru;13,40789;3,2921;0,55122;1,95827;1,9807;0,87151;0,0065;0,14317;0,0417;0,0648;grande
01-09-2014;peru;14,07369;3,2839;0,5491;1,96271;1,972;0,87183;0,0071;0,14483;0,03869;0,06409;grande
01-10-2014;peru;14,06363;3,3221;0,55225;1,96233;1,9822;0,87256;0,0072;0,1329;0,03718;0,06318;grande
01-11-2014;peru;13,91949;3,3117;0,55149;1,96529;1,9767;0,87251;0,0075;0,13987;0,03632;0,06432;grande
01-12-2014;peru;13,64707;3,3398;0,55198;1,96298;1,986;0,87363;0,0066;0,12818;0,03381;0,06421;grande
01-01-2015;peru;13,5036;3,3546;0,54962;1,95853;1,9914;0,89182;0,0075;0,16044;0,03145;0,06395;grande
01-02-2015;peru;13,55017;3,3436;0,55131;1,95933;1,9889;0,88799;0,0077;0,15225;0,03231;0,06331;grande
01-03-2015;peru;13,98218;3,3014;0,54284;1,98617;1,9361;0,88893;0,0079;0,12595;0,03031;0,06321;grande
01-04-2015;peru;13,92862;3,3098;0,54256;1,98197;1,9427;0,88906;0,0087;0,13694;0,02898;0,06418;grande
01-05-2015;peru;13,87295;3,2985;0,54265;1,96616;1,9593;0,88784;0,0085;0,15707;0,02846;0,06436;grande
01-06-2015;peru;13,7778;3,252;0,54021;1,97123;1,9423;0,88753;0,0086;0,13939;0,02356;0,06396;grande
01-07-2015;peru;14,00917;3,2475;0,53868;1,97427;1,9368;0,8873;0,009;0,14346;0,02264;0,06454;grande
01-08-2015;peru;13,79808;3,3239;0,54202;1,96704;1,9623;0,88829;0,0106;0,15024;0,02288;0,06428;grande
01-09-2015;peru;13,70911;3,3112;0,53987;1,96596;1,9592;0,88855;0,0106;0,14669;0,02262;0,06382;grande
01-10-2015;peru;13,79733;3,2905;0,53788;1,96981;1,9479;0,88781;0,0106;0,14387;0,02101;0,06351;grande
01-11-2015;peru;13,60608;3,2881;0,53781;1,97045;1,9468;0,7107;0,0103;0,15537;0,01863;0,06323;grande
01-12-2015;peru;13,69617;3,2725;0,53857;1,97351;1,9415;0,7045;0,0098;0,12339;0,01482;0,06322;grande
01-01-2016;peru;13,57534;3,3053;0,53762;1,97027;1,9509;0,65794;0,0107;0,14786;0,01557;0,06357;grande
01-02-2016;peru;13,5396;3,2915;0,54005;1,96573;1,9547;0,68957;0,0123;0,16669;0,01074;0,06294;grande
01-03-2016;peru;14,24835;3,3254;0,5428;1,96766;1,9611;0,68913;0,0106;0,14978;0,01057;0,06287;grande
01-04-2016;peru;14,26209;3,3061;0,54018;1,97145;1,9514;0,69865;0,0112;0,1886;0,01045;0,06285;grande
01-05-2016;peru;14,46289;3,2916;0,53885;1,97725;1,9406;0,72877;0,0107;0,12312;0,00985;0,06265;grande
01-06-2016;peru;14,49874;3,2736;0,53619;1,98119;1,9302;0,71659;0,0107;0,12616;0,0089;0,0623;grande
01-07-2016;peru;14,84631;3,2463;0,53444;1,98195;1,924;0,72409;0,0096;0,12369;0,00789;0,06159;grande
01-08-2016;peru;14,99465;3,2394;0,53261;1,98103;1,9213;0,73272;0,0098;0,11243;0,00681;0,06161;grande
01-09-2016;peru;14,92858;3,2626;0,53352;1,97644;1,9321;0,7352;0,0096;0,13454;0,00588;0,06118;grande
01-10-2016;peru;14,93217;3,2403;0,5326;1,97847;1,9244;0,73795;0,0126;0,1224;0,00524;0,06034;grande
01-11-2016;peru;14,8967;3,2634;0,5337;1,97654;1,9324;0,73963;0,0126;0,0999;0,00464;0,06014;grande
01-12-2016;peru;14,75955;3,2507;0,53752;1,97222;1,9381;0,73876;0,0092;0,1074;-0,00192;0,05968;grande
01-01-2017;peru;14,89228;3,258;0,53448;1,97451;1,9335;0,71857;0,0109;0,10853;0,00276;0,05946;grande
01-02-2017;peru;14,90454;3,2768;0,53235;1,97462;1,9349;0,72307;0,0109;0,10243;-0,0018;0,0587;grande
01-03-2017;peru;15,51286;3,2019;0,52344;1,98325;1,9065;0,72716;0,0109;0,10611;0,0011;0,0581;grande
01-04-2017;peru;15,58421;3,2342;0,52137;1,98497;1,9094;0,7327;0,0121;0,12205;0,00368;0,05768;grande
01-05-2017;peru;15,54769;3,2208;0,52118;1,98663;1,9036;0,73726;0,0129;0,10511;-0,00274;0,05786;grande
01-06-2017;peru;15,42925;3,1881;0,52069;1,98946;1,8933;0,73483;0,0116;0,11079;0,00476;0,05766;grande
01-07-2017;peru;15,61747;3,2232;0,51898;1,98409;1,9066;0,73739;0,013;0,11468;-0,00185;0,05735;grande
01-08-2017;peru;15,63631;3,1874;0,51784;1,98834;1,8947;0,73869;0,011;0,0985;0,0001;0,057;grande
01-09-2017;peru;15,47471;3,1653;0,52436;1,9838;1,8991;0,73603;0,0111;0,09986;-0,00833;0,05727;grande
01-05-2012;peru;14,0194;3,304;0,5554;1,9725;1,964;0,7193;0,0241;1,351;0,13542;0,15512;micro
01-06-2012;peru;14,2526;3,323;0,5562;1,9722;1,968;0,7209;0,0233;0,8803;0,1349;0,1556;micro
01-07-2012;peru;13,5501;3,297;0,553;1,9739;1,958;0,7213;0,0265;0,8965;0,13224;0,15444;micro
01-08-2012;peru;13,4189;3,296;0,5535;1,973;1,959;0,7217;0,0269;3,456;0,13184;0,15544;micro
01-09-2012;peru;13,2457;3,332;0,5579;1,9693;1,976;0,7213;0,0284;2,9192;0,12941;0,15331;micro
01-10-2012;peru;13,0283;3,307;0,5559;1,9733;1,964;0,7225;0,0276;1,5775;0,12871;0,15311;micro
01-11-2012;peru;13,1874;3,333;0,5576;1,9726;1,972;0,7207;0,0266;2,1162;0,13299;0,15409;micro
01-12-2012;peru;13,7068;3,338;0,5561;1,9769;1,967;0,7225;0,0269;1,4613;0,13372;0,15152;micro
01-01-2013;peru;13,7429;3,346;0,5549;1,9822;1,965;0,8554;0,0269;1,5312;0,13369;0,14899;micro
01-02-2013;peru;13,6399;3,352;0,5536;1,9792;1,968;0,8526;0,0276;1,6176;0,13492;0,14792;micro
01-03-2013;peru;14,1216;3,315;0,5525;1,9832;1,955;0,8511;0,0303;1,2763;0,13795;0,14715;micro
01-04-2013;peru;14,2172;3,288;0,5522;1,9812;1,953;0,8544;0,0317;1,3512;0,13807;0,14857;micro
01-05-2013;peru;14,0808;3,296;0,5525;1,9815;1,954;0,8577;0,034;1,6099;0,13849;0,14979;micro
01-06-2013;peru;14,1776;3,305;0,5535;1,9764;1,962;0,8594;0,0353;1,7425;0,14046;0,15136;micro
01-07-2013;peru;13,8412;3,334;0,5537;1,9729;1,971;0,8615;0,0357;1,6981;0,14041;0,15131;micro
01-08-2013;peru;13,6486;3,322;0,5531;1,9697;1,972;0,863;0,0355;1,3041;0,14025;0,15155;micro
01-09-2013;peru;13,4438;3,319;0,5522;1,9707;1,969;0,8646;0,0381;1,2925;0,1406;0,1515;micro
01-10-2013;peru;13,1822;3,349;0,5547;1,9649;1,984;0,8524;0,0381;1,1886;0,14112;0,15192;micro
01-11-2013;peru;13,1612;3,297;0,5543;1,9636;1,977;0,8536;0,0366;1,5511;0,14128;0,15238;micro
01-12-2013;peru;13,1688;3,255;0,5513;1,969;1,961;0,8548;0,0364;1,2977;0,14134;0,15254;micro
01-01-2014;peru;13,3664;3,286;0,5526;1,9629;1,975;0,8733;0,0377;1,4627;0,14408;0,15518;micro
01-02-2014;peru;13,3011;3,3;0,5544;1,9619;1,98;0,8725;0,0401;1,3385;0,1422;0,1548;micro
01-03-2014;peru;13,8427;3,241;0,5499;1,9651;1,962;0,8726;0,0386;2,3295;0,14043;0,15493;micro
01-04-2014;peru;13,9283;3,266;0,5502;1,9629;1,97;0,8729;0,0379;1,2947;0,13876;0,15416;micro
01-05-2014;peru;13,863;3,254;0,5497;1,9662;1,964;0,8726;0,0399;1,5393;0,13551;0,15281;micro
01-06-2014;peru;13,7205;3,279;0,5522;1,9615;1,975;0,872;0,0404;1,3609;0,13188;0,15068;micro
01-07-2014;peru;13,4352;3,28;0,5515;1,9611;1,976;0,8715;0,0403;1,2947;0,1278;0,1497;micro
01-08-2014;peru;13,4079;3,292;0,5512;1,9583;1,981;0,8715;0,0383;1,4317;0,126;0,1491;micro
01-09-2014;peru;14,0737;3,284;0,5491;1,9627;1,972;0,8718;0,0384;1,4483;0,12293;0,14833;micro
01-10-2014;peru;14,0636;3,322;0,5523;1,9623;1,982;0,8726;0,038;1,329;0,12116;0,14716;micro
01-11-2014;peru;13,9195;3,312;0,5515;1,9653;1,977;0,8725;0,0372;1,3987;0,1186;0,1466;micro
01-12-2014;peru;13,6471;3,34;0,552;1,963;1,986;0,8736;0,0393;1,2818;0,11695;0,14735;micro
01-01-2015;peru;13,5036;3,355;0,5496;1,9585;1,991;0,8918;0,0413;1,6044;0,11522;0,14772;micro
01-02-2015;peru;13,5502;3,344;0,5513;1,9593;1,989;0,888;0,0438;1,5225;0,11542;0,14642;micro
01-03-2015;peru;13,9822;3,301;0,5428;1,9862;1,936;0,8889;0,0417;1,2595;0,11303;0,14593;micro
01-04-2015;peru;13,9286;3,31;0,5426;1,982;1,943;0,8891;0,0421;1,3694;0,11117;0,14637;micro
01-05-2015;peru;13,873;3,299;0,5426;1,9662;1,959;0,8878;0,0428;1,5707;0,11216;0,14806;micro
01-06-2015;peru;13,7778;3,252;0,5402;1,9712;1,942;0,8875;0,0418;1,3939;0,10551;0,14591;micro
01-07-2015;peru;14,0092;3,248;0,5387;1,9743;1,937;0,8873;0,0402;1,4346;0,10412;0,14602;micro
01-08-2015;peru;13,7981;3,324;0,542;1,967;1,962;0,8883;0,0393;1,5024;0,10574;0,14714;micro
01-09-2015;peru;13,7091;3,311;0,5399;1,966;1,959;0,8886;0,0322;1,4669;0,1048;0,146;micro
01-10-2015;peru;13,7973;3,29;0,5379;1,9698;1,948;0,8878;0,0323;1,4387;0,10133;0,14383;micro
01-11-2015;peru;13,6061;3,288;0,5378;1,9704;1,947;0,7107;0,0303;1,5537;0,09987;0,14447;micro
01-12-2015;peru;13,6962;3,272;0,5386;1,9735;1,941;0,7045;0,0294;1,2339;0,09298;0,14138;micro
01-01-2016;peru;13,5753;3,305;0,5376;1,9703;1,951;0,6579;0,0303;1,4786;0,09158;0,13958;micro
01-02-2016;peru;13,5396;3,292;0,5401;1,9657;1,955;0,6896;0,0316;1,6669;0,08489;0,13709;micro
01-03-2016;peru;14,2483;3,325;0,5428;1,9677;1,961;0,6891;0,0323;1,4978;0,08648;0,13878;micro
01-04-2016;peru;14,2621;3,306;0,5402;1,9715;1,951;0,6987;0,0331;1,886;0,0807;0,1331;micro
01-05-2016;peru;14,4629;3,292;0,5388;1,9773;1,941;0,7288;0,0334;1,2312;0,07637;0,12917;micro
01-06-2016;peru;14,4987;3,274;0,5362;1,9812;1,93;0,7166;0,0319;1,2616;0,0751;0,1285;micro
01-07-2016;peru;14,8463;3,246;0,5344;1,9819;1,924;0,7241;0,0338;1,2369;0,06856;0,12226;micro
01-08-2016;peru;14,9946;3,239;0,5326;1,981;1,921;0,7327;0,0328;1,1243;0,06439;0,11919;micro
01-09-2016;peru;14,9286;3,263;0,5335;1,9764;1,932;0,7352;0,0301;1,3454;0,05933;0,11463;micro
01-10-2016;peru;14,9322;3,24;0,5326;1,9785;1,924;0,738;0,0301;1,224;0,05836;0,11346;micro
01-11-2016;peru;14,8967;3,263;0,5337;1,9765;1,932;0,7396;0,0301;0,999;0,05772;0,11322;micro
01-12-2016;peru;14,7595;3,251;0,5375;1,9722;1,938;0,7388;0,0301;1,074;0,05012;0,11172;micro
01-01-2017;peru;14,8923;3,258;0,5345;1,9745;1,933;0,7186;0,0301;1,0853;0,05443;0,11113;micro
01-02-2017;peru;14,9045;3,277;0,5323;1,9746;1,935;0,7231;0,0322;1,0243;0,04971;0,11021;micro
01-03-2017;peru;15,5129;3,202;0,5234;1,9832;1,906;0,7272;0,0354;1,0611;0,05524;0,11224;micro
01-04-2017;peru;15,5842;3,234;0,5214;1,985;1,909;0,7327;0,0354;1,2205;0,06203;0,11603;micro
01-05-2017;peru;15,5477;3,221;0,5212;1,9866;1,904;0,7373;0,035;1,0511;0,05689;0,11749;micro
01-06-2017;peru;15,4292;3,188;0,5207;1,9895;1,893;0,7348;0,0344;1,1079;0,06193;0,11483;micro
01-07-2017;peru;15,6175;3,223;0,519;1,9841;1,907;0,7374;0,0353;1,1468;0,05159;0,11079;micro
01-08-2017;peru;15,6363;3,187;0,5178;1,9883;1,895;0,7387;0,0343;0,985;0,05503;0,11193;micro
01-09-2017;peru;15,4747;3,165;0,5244;1,9838;1,899;0,736;0,0301;0,9986;0,0411;0,1067;micro
01-05-2012;chile;12,7472;2,008;0,4009;2,2597;1,315;0,4735;0,0657;2,0728;0,133;0,1815;micro
01-06-2012;chile;12,9094;2,006;0,401;2,2592;1,315;0,4765;0,0661;2,0586;0,1334;0,1825;micro
01-07-2012;chile;13,0519;2,043;0,4038;2,2576;1,32;0,4805;0,0666;2,0601;0,1314;0,1808;micro
01-08-2012;chile;12,8967;2,012;0,4001;2,2625;1,31;0,4834;0,0627;2,0854;0,1332;0,1816;micro
01-09-2012;chile;12,9847;1,996;0,3979;2,2645;1,305;0,4827;0,0593;2,0696;0,1319;0,1808;micro
01-10-2012;chile;12,9924;1,978;0,3954;2,2674;1,3;0,4774;0,0693;2,0316;0,1297;0,1792;micro
01-11-2012;chile;12,9615;1,98;0,3945;2,2665;1,299;0,4741;0,0663;2,0224;0,1344;0,1844;micro
01-12-2012;chile;13,1064;1,971;0,3925;2,275;1,29;0,4779;0,0726;1,998;0,1348;0,1826;micro
01-01-2013;chile;13,1038;1,965;0,3941;2,266;1,297;0,5202;0,0746;2,0324;0,1319;0,1774;micro
01-02-2013;chile;13,2994;1,954;0,3921;2,2673;1,294;0,5107;0,0766;2,0396;0,1278;0,1786;micro
01-03-2013;chile;13,4229;1,962;0,3931;2,2695;1,293;0,5059;0,0793;2,0561;0,1281;0,1788;micro
01-04-2013;chile;13,1099;1,962;0,3928;2,272;1,29;0,5032;0,0866;2,1196;0,1254;0,1757;micro
01-05-2013;chile;12,9601;1,949;0,3909;2,2765;1,284;0,5122;0,0785;2,1217;0,124;0,1745;micro
01-06-2013;chile;12,9019;1,971;0,3917;2,2789;1,283;0,5159;0,0741;2,0341;0,1223;0,1726;micro
01-07-2013;chile;12,8204;1,968;0,391;2,2798;1,282;0,5323;0,0665;2,0704;0,1197;0,1705;micro
01-08-2013;chile;12,6458;1,968;0,3942;2,2788;1,287;0,5051;0,0609;2,1019;0,1222;0,1726;micro
01-09-2013;chile;12,9072;1,982;0,3978;2,2781;1,293;0,5041;0,0612;2,1388;0,1205;0,1711;micro
01-10-2013;chile;12,9875;1,985;0,3947;2,2824;1,284;0,5012;0,0626;2,1686;0,1212;0,1705;micro
01-11-2013;chile;12,7486;1,972;0,3948;2,2822;1,285;0,5029;0,065;2,1692;0,1224;0,1692;micro
01-12-2013;chile;13,0782;1,986;0,3972;2,2836;1,288;0,5026;0,0665;2,1721;0,1227;0,168;micro
01-01-2014;chile;12,8478;1,986;0,3962;2,2878;1,283;0,4968;0,0622;2,1951;0,1216;0,1666;micro
01-02-2014;chile;12,9235;1,988;0,3959;2,2879;1,282;0,5036;0,0696;2,1915;0,1269;0,1711;micro
01-03-2014;chile;12,9578;1,995;0,3945;2,2931;1,276;0,4995;0,0644;2,2327;0,1257;0,167;micro
01-04-2014;chile;12,9236;1,992;0,3929;2,2966;1,269;0,497;0,0651;2,256;0,1181;0,1582;micro
01-05-2014;chile;13,0891;1,996;0,3924;2,297;1,267;0,4941;0,0573;2,2743;0,1156;0,1557;micro
01-06-2014;chile;13,235;1,99;0,3906;2,3002;1,263;0,4979;0,0601;2,2838;0,1145;0,1546;micro
01-07-2014;chile;13,0943;2,009;0,3924;2,2983;1,268;0,506;0,0603;2,2619;0,114;0,1529;micro
01-08-2014;chile;12,9977;1,986;0,3909;2,3009;1,264;0,5093;0,06;2,3357;0,1138;0,1502;micro
01-09-2014;chile;12,9713;1,981;0,3888;2,3029;1,26;0,512;0,0599;2,3284;0,1157;0,1493;micro
01-10-2014;chile;13,1376;1,985;0,3889;2,3007;1,263;0,5095;0,0573;2,3496;0,1111;0,1428;micro
01-11-2014;chile;12,9517;1,992;0,3897;2,3011;1,263;0,506;0,0583;2,3521;0,106;0,1362;micro
01-12-2014;chile;13,1582;1,97;0,3855;2,3079;1,251;0,5078;0,0585;2,3591;0,1068;0,137;micro
01-01-2015;chile;12,9395;1,972;0,3849;2,3083;1,25;0,7132;0,0588;2,3931;0,1171;0,1473;micro
01-02-2015;chile;13,0867;1,992;0,3864;2,3061;1,254;0,6555;0,0571;2,3971;0,1222;0,1524;micro
01-03-2015;chile;12,9899;2,009;0,388;2,3027;1,259;0,6069;0,0575;2,3047;0,1224;0,1526;micro
01-04-2015;chile;13,0546;2,025;0,3891;2,2982;1,265;0,5779;0,0578;2,3042;0,1192;0,1494;micro
01-05-2015;chile;13,0603;2,022;0,3905;2,2899;1,269;0,5639;0,056;2,2921;0,1177;0,1478;micro
01-06-2015;chile;12,8465;2,015;0,3911;2,2894;1,27;0,5605;0,0564;2,3201;0,1182;0,1483;micro
01-07-2015;chile;12,5161;2,02;0,3954;2,277;1,284;0,5572;0,05;2,3183;0,1184;0,1485;micro
01-08-2015;chile;12,4268;2,031;0,3974;2,2684;1,29;0,553;0,0489;2,3338;0,1217;0,1519;micro
01-09-2015;chile;12,3828;2,018;0,3946;2,2713;1,284;0,545;0,0534;2,3492;0,1208;0,151;micro
01-10-2015;chile;12,3939;2;0,3929;2,2721;1,281;0,5385;0,0578;2,3548;0,1153;0,1468;micro
01-11-2015;chile;12,4358;1,975;0,3892;2,2754;1,273;0,5366;0,0588;2,3575;0,1093;0,142;micro
01-12-2015;chile;12,4261;1,965;0,3877;2,2759;1,27;0,5395;0,0587;2,4001;0,1082;0,1419;micro
01-01-2016;chile;12,2375;1,974;0,3873;2,2758;1,27;0,5773;0,0579;2,4048;0,1095;0,1448;micro
01-02-2016;chile;12,3658;1,974;0,3872;2,2744;1,272;0,5467;0,0593;2,4271;0,1207;0,1559;micro
01-03-2016;chile;12,7795;1,979;0,3873;2,2726;1,275;0,5353;0,0596;2,4426;0,1209;0,1562;micro
01-04-2016;chile;11,3424;1,982;0,3886;2,1882;1,348;0,5317;0,063;2,4788;0,119;0,1543;micro
01-05-2016;chile;11,4839;1,994;0,3884;2,1903;1,346;0,5287;0,0609;2,476;0,1192;0,1544;micro
01-06-2016;chile;11,5585;1,99;0,3875;2,1884;1,347;0,5267;0,0533;2,468;0,1171;0,1524;micro
01-07-2016;chile;11,7841;1,987;0,3871;2,1899;1,345;0,5267;0,0543;2,4668;0,1178;0,1532;micro
01-08-2016;chile;11,6978;1,988;0,3868;2,1912;1,343;0,5263;0,0493;2,4888;0,1201;0,1556;micro
01-09-2016;chile;11,8743;1,998;0,388;2,19;1,346;0,5302;0,0514;2,4415;0,1191;0,1545;micro
01-10-2016;chile;11,9181;2;0,387;2,1899;1,345;0,5323;0,0529;2,4271;0,1161;0,1514;micro
01-11-2016;chile;11,8208;1,993;0,387;2,1937;1,34;0,5349;0,0543;2,4335;0,1148;0,15;micro
01-12-2016;chile;11,9249;1,989;0,3867;2,1942;1,339;0,5362;0,0531;2,4537;0,1139;0,1491;micro
01-01-2017;chile;11,811;1,981;0,3854;2,1939;1,335;0,6048;0,0524;2,4401;0,1148;0,1491;micro
01-02-2017;chile;11,859;1,98;0,3849;2,1954;1,334;0,5668;0,0534;2,4519;0,1213;0,1536;micro
01-03-2017;chile;11,8242;1,982;0,3844;2,1978;1,33;0,5537;0,0528;2,4473;0,1174;0,1492;micro
01-04-2017;chile;11,7776;1,967;0,3817;2,1993;1,326;0,5353;0,0533;2,4465;0,1171;0,1462;micro
01-05-2017;chile;11,7578;1,958;0,3822;2,1816;1,336;0,5379;0,0535;2,4984;0,1179;0,1449;micro
01-06-2017;chile;11,8442;1,952;0,3815;2,1816;1,336;0,5465;0,0497;2,4793;0,1191;0,1446;micro
01-07-2017;chile;11,9103;1,958;0,3809;2,1827;1,335;0,5611;0,0466;2,4943;0,1207;0,1462;micro
01-08-2017;chile;11,9061;1,954;0,3799;2,1838;1,333;0,5636;0,0443;2,4762;0,1214;0,1469;micro
01-09-2017;chile;11,9894;1,97;0,3797;2,1844;1,332;0,568;0,0488;2,4612;0,1197;0,1452;micro
01-05-2012;colombia;26,6286;2,6533;0,40532;2,24239;1,4321;0,61369;0,02;1,8;0,04;0,09;mediana
01-06-2012;colombia;25,9401;2,5323;0,39491;2,24034;1,4088;0,60937;0,02;2,4;0,04;0,09;mediana
01-07-2012;colombia;27,2383;2,6412;0,42059;2,21579;1,4709;0,60889;0,02;2,8;0,04;0,09;mediana
01-08-2012;colombia;28,10925;2,469;0,42149;2,27031;1,3736;0,60974;0,02;2,8;0,04;0,09;mediana
01-09-2012;colombia;28,82145;2,8929;0,42608;2,20878;1,5104;0,60737;0,02;3,4;0,04;0,09;mediana
01-10-2012;colombia;28,91203;2,7714;0,41173;2,2514;1,4343;0,60664;0,02;3,4;0,04;0,09;mediana
01-11-2012;colombia;28,55547;2,7258;0,39552;2,25676;1,4299;0,60474;0,02;4,2;0,04;0,09;mediana
01-12-2012;colombia;27,88286;2,8968;0,41172;2,21978;1,5154;0,60572;0,02;4,2;0,05;0,09;mediana
01-01-2013;colombia;29,85028;2,9184;0,43048;2,23711;1,4981;0,6113;0,02;0,6;0,04;0,08;mediana
01-02-2013;colombia;30,21116;2,7907;0,40433;2,23986;1,4644;0,61528;0,02;1,2;0,04;0,08;mediana
01-03-2013;colombia;30,05647;2,9145;0,41811;2,24601;1,4657;0,61508;0,02;1,8;0,04;0,08;mediana
01-04-2013;colombia;29,88618;3,0533;0,43939;2,17142;1,6104;0,61792;0,02;2,1;0,04;0,07;mediana
01-05-2013;colombia;29,61775;2,8931;0,41201;2,24318;1,4806;0,62164;0,02;1,9;0,04;0,07;mediana
01-06-2013;colombia;16,49069;3,0747;0,44519;2,21544;1,5536;0,6254;0,02;2,7;0,04;0,07;mediana
01-07-2013;colombia;16,83059;2,9987;0,4414;2,2331;1,5191;0,6285;0,02;2,8;0,04;0,07;mediana
01-08-2013;colombia;15,36976;2,9385;0,42722;2,21405;1,5429;0,62918;0,02;3,9;0,04;0,07;mediana
01-09-2013;colombia;15,6053;2,7576;0,42457;2,25098;1,4651;0,6327;0,02;4,2;0,04;0,07;mediana
01-10-2013;colombia;14,41912;2,6574;0,40761;2,29182;1,3753;0,63522;0,02;3,6;0,04;0,07;mediana
01-11-2013;colombia;14,49495;2,6598;0,40142;2,29608;1,3781;0,6392;0,02;5;0,04;0,07;mediana
01-12-2013;colombia;14,50207;2,7937;0,42516;2,27552;1,433;0,64114;0,02;4,2;0,04;0,07;mediana
01-01-2014;colombia;9,20692;2,735;0,41785;2,2874;1,4093;0,65596;0,02;0,6;0,04;0,07;mediana
01-02-2014;colombia;9,37223;2,5912;0,392;2,30215;1,3535;0,65723;0,02;1,1;0,04;0,07;mediana
01-03-2014;colombia;10,89461;2,7705;0,41753;2,2405;1,4827;0,65164;0,02;1,5;0,04;0,07;mediana
01-04-2014;colombia;10,73491;2,683;0,40221;2,28627;1,3945;0,6519;0,02;1,6;0,04;0,07;mediana
01-05-2014;colombia;10,62905;2,8298;0,43436;2,25097;1,4664;0,65334;0,02;2,2;0,04;0,07;mediana
01-06-2014;colombia;10,13414;2,631;0,4078;2,26898;1,4145;0,65096;0,02;2,6;0,03;0,07;mediana
01-07-2014;colombia;10,09087;2,7097;0,42158;2,29054;1,408;0,65171;0,02;2,7;0,03;0,07;mediana
01-08-2014;colombia;10,00133;2,8197;0,41672;2,27778;1,4388;0,64973;0,02;3,8;0,03;0,07;mediana
01-09-2014;colombia;9,9838;2,6747;0,40691;2,29595;1,3812;0,65215;0,02;4,1;0,03;0,07;mediana
01-10-2014;colombia;9,72723;2,5622;0,4071;2,31212;1,3371;0,65055;0,02;3,3;0,04;0,08;mediana
01-11-2014;colombia;18,23247;3,1699;0,46742;2,20181;1,6211;0,65027;0,02;4,4;0,03;0,08;mediana
01-12-2014;colombia;17,89902;3,0324;0,44827;2,21968;1,5598;0,64325;0,02;3,7;0,03;0,08;mediana
01-01-2015;colombia;17,69725;2,9017;0,44486;2,271;1,4699;0,07578;0,02;0,6;0,03;0,08;mediana
01-02-2015;colombia;19,87569;2,7093;0,38998;2,32539;1,3788;0,10211;0,02;0,9;0,02;0,07;mediana
01-03-2015;colombia;19,16699;2,7297;0,42107;2,2811;1,4521;0,11845;0,02;1,2;0,03;0,08;mediana
01-04-2015;colombia;20,0126;2,7953;0,41093;2,29813;1,4443;0,12698;0,02;1,1;0,03;0,08;mediana
01-05-2015;colombia;19,67655;2,8168;0,42035;2,3184;1,4155;0,11847;0,02;1,7;0,03;0,08;mediana
01-06-2015;colombia;9,84571;2,7504;0,41918;2,34077;1,374;0,11354;0,02;1,9;0,03;0,08;mediana
01-07-2015;colombia;9,61699;3,0578;0,43574;2,30151;1,5031;0,10206;0,02;1,9;0,03;0,08;mediana
01-08-2015;colombia;9,33463;2,9818;0,44888;2,23985;1,5477;0,09699;0,02;2,4;0,03;0,08;mediana
01-09-2015;colombia;9,43625;3,0361;0,44016;2,29649;1,5017;0,09882;0,02;2;0,03;0,08;mediana
01-10-2015;colombia;9,45247;2,8946;0,41561;2,32998;1,4148;0,10149;0,02;2,8;0,03;0,08;mediana
01-11-2015;colombia;9,25828;2,7482;0,43015;2,30433;1,4193;0,09479;0,02;3,2;0,04;0,09;mediana
01-12-2015;colombia;9,18071;2,7585;0,4304;2,32916;1,3969;0,09235;0,02;2,5;0,03;0,09;mediana
01-01-2016;colombia;9,03206;2,6619;0,44609;2,29301;1,4406;0,05649;0,02;0,5;0,04;0,1;mediana
01-02-2016;colombia;8,80608;2,9469;0,45532;2,26144;1,5216;0,08303;0,02;0,7;0,05;0,11;mediana
01-03-2016;colombia;9,87674;2,6474;0,44202;2,33094;1,3958;0,10313;0,02;0,8;0,05;0,11;mediana
01-04-2016;colombia;10,07324;2,7989;0,45924;2,29478;1,4734;0,09997;0,02;1,2;0,05;0,11;mediana
01-05-2016;colombia;9,93051;2,9778;0,44672;2,29914;1,4886;0,09711;0,02;1,6;0,04;0,11;mediana
01-06-2016;colombia;9,3525;2,6472;0,42973;2,33568;1,3856;0,11798;0,02;1,4;0,05;0,12;mediana
01-07-2016;colombia;9,2405;2,8879;0,4577;2,3103;1,4649;0,1098;0,02;2,1;0,05;0,12;mediana
01-08-2016;colombia;9,26251;2,9923;0,45989;2,29409;1,5056;0,10782;0,02;1,8;0,04;0,12;mediana
01-09-2016;colombia;9,74977;2,89;0,4641;2,32122;1,4662;0,10704;0,02;2,3;0,04;0,12;mediana
01-10-2016;colombia;9,81017;2,8798;0,4572;2,29732;1,4855;0,11837;0,03;2,8;0,04;0,12;mediana
01-11-2016;colombia;9,52877;2,9369;0,46548;2,30334;1,4942;0,11161;0,03;2,3;0,04;0,12;mediana
01-12-2016;colombia;9,60725;2,8111;0,43063;2,32218;1,4271;0,10957;0,02;2,7;0,04;0,12;mediana
01-01-2017;colombia;9,55997;3,2693;0,48914;2,23834;1,6615;0,08522;0,03;0,6;0,03;0,11;mediana
01-02-2017;colombia;9,53303;3,0855;0,46055;2,27889;1,5476;0,08847;0,03;0,8;0,04;0,11;mediana
01-03-2017;colombia;10,5301;3,1484;0,48168;2,27407;1,5867;0,10515;0,03;0,9;0,04;0,11;mediana
01-04-2017;colombia;10,4976;3,1963;0,48784;2,24499;1,6226;0,10136;0,03;1,4;0,04;0,11;mediana
01-05-2017;colombia;10,45939;2,9056;0,48338;2,26742;1,5449;0,09708;0,04;1,2;0,04;0,1;mediana
01-06-2017;colombia;10,33555;3,0034;0,46385;2,27663;1,5328;0,08995;0,04;1,7;0,04;0,1;mediana
01-07-2017;colombia;10,40476;3,3073;0,49623;2,23609;1,6665;0,09115;0,04;2,1;0,03;0,09;mediana
01-08-2017;colombia;10,44289;3,0553;0,45613;2,30481;1,519;0,08854;0,04;1,8;0,03;0,09;mediana
01-09-2017;colombia;10,31183;3,2309;0,47866;2,25672;1,6211;0,08659;0,04;2,5;0,04;0,09;mediana
01-05-2012;colombia;26,6286;2,6533;0,40532;2,24239;1,4321;0,61369;0,04499;1,7818;0,30808;0,36075;micro
01-06-2012;colombia;25,9401;2,5323;0,39491;2,24034;1,4088;0,60937;0,04569;2,3864;0,303;0,35601;micro
01-07-2012;colombia;27,2383;2,6412;0,42059;2,21579;1,4709;0,60889;0,04667;2,8498;0,30333;0,35684;micro
01-08-2012;colombia;28,10925;2,469;0,42149;2,27031;1,3736;0,60974;0,04729;2,7638;0,30274;0,35399;micro
01-09-2012;colombia;28,82145;2,8929;0,42608;2,20878;1,5104;0,60737;0,04909;3,3718;0,29934;0,34716;micro
01-10-2012;colombia;28,91203;2,7714;0,41173;2,2514;1,4343;0,60664;0,04869;3,4217;0,28992;0,33766;micro
01-11-2012;colombia;28,55547;2,7258;0,39552;2,25676;1,4299;0,60474;0,05101;4,1696;0,27966;0,32652;micro
01-12-2012;colombia;27,88286;2,8968;0,41172;2,21978;1,5154;0,60572;0,05024;4,2166;0,27149;0,3164;micro
01-01-2013;colombia;29,85028;2,9184;0,43048;2,23711;1,4981;0,6113;0,05234;0,6363;0,29836;0,34031;micro
01-02-2013;colombia;30,21116;2,7907;0,40433;2,23986;1,4644;0,61528;0,05499;1,1632;0,29844;0,33807;micro
01-03-2013;colombia;30,05647;2,9145;0,41811;2,24601;1,4657;0,61508;0,05887;1,756;0,29074;0,32763;micro
01-04-2013;colombia;29,88618;3,0533;0,43939;2,17142;1,6104;0,61792;0,05766;2,1303;0,30258;0,3341;micro
01-05-2013;colombia;29,61775;2,8931;0,41201;2,24318;1,4806;0,62164;0,05725;1,9408;0,30494;0,33689;micro
01-06-2013;colombia;16,49069;3,0747;0,44519;2,21544;1,5536;0,6254;0,05875;2,7168;0,3128;0,34446;micro
01-07-2013;colombia;16,83059;2,9987;0,4414;2,2331;1,5191;0,6285;0,0594;2,8271;0,3107;0,34277;micro
01-08-2013;colombia;15,36976;2,9385;0,42722;2,21405;1,5429;0,62918;0,0611;3,8917;0,3138;0,34648;micro
01-09-2013;colombia;15,6053;2,7576;0,42457;2,25098;1,4651;0,6327;0,06134;4,1703;0,30872;0,3415;micro
01-10-2013;colombia;14,41912;2,6574;0,40761;2,29182;1,3753;0,63522;0,06035;3,6497;0,31081;0,34358;micro
01-11-2013;colombia;14,49495;2,6598;0,40142;2,29608;1,3781;0,6392;0,06139;5,0327;0,31194;0,34453;micro
01-12-2013;colombia;14,50207;2,7937;0,42516;2,27552;1,433;0,64114;0,06216;4,2098;0,31606;0,34844;micro
01-01-2014;colombia;9,20692;2,735;0,41785;2,2874;1,4093;0,65596;0,0667;0,6347;0,32145;0,35385;micro
01-02-2014;colombia;9,37223;2,5912;0,392;2,30215;1,3535;0,65723;0,06849;1,071;0,31684;0,34937;micro
01-03-2014;colombia;10,89461;2,7705;0,41753;2,2405;1,4827;0,65164;0,0688;1,5433;0,31559;0,34719;micro
01-04-2014;colombia;10,73491;2,683;0,40221;2,28627;1,3945;0,6519;0,06904;1,5667;0,31275;0,34527;micro
01-05-2014;colombia;10,62905;2,8298;0,43436;2,25097;1,4664;0,65334;0,06899;2,1718;0,30911;0,34375;micro
01-06-2014;colombia;10,13414;2,631;0,4078;2,26898;1,4145;0,65096;0,0718;2,5693;0,30687;0,34484;micro
01-07-2014;colombia;10,09087;2,7097;0,42158;2,29054;1,408;0,65171;0,07092;2,7374;0,30751;0,34677;micro
01-08-2014;colombia;10,00133;2,8197;0,41672;2,27778;1,4388;0,64973;0,07187;3,8315;0,30347;0,34472;micro
01-09-2014;colombia;9,9838;2,6747;0,40691;2,29595;1,3812;0,65215;0,07145;4,0731;0,30163;0,34582;micro
01-10-2014;colombia;9,72723;2,5622;0,4071;2,31212;1,3371;0,65055;0,073;3,3071;0,29942;0,34441;micro
01-11-2014;colombia;18,23247;3,1699;0,46742;2,20181;1,6211;0,65027;0,07499;4,4307;0,29887;0,34391;micro
01-12-2014;colombia;17,89902;3,0324;0,44827;2,21968;1,5598;0,64325;0,07393;3,6654;0,29961;0,3447;micro
01-01-2015;colombia;17,69725;2,9017;0,44486;2,271;1,4699;0,07578;0,07552;0,6251;0,30588;0,35115;micro
01-02-2015;colombia;19,87569;2,7093;0,38998;2,32539;1,3788;0,10211;0,06453;0,8721;0,31486;0,36003;micro
01-03-2015;colombia;19,16699;2,7297;0,42107;2,2811;1,4521;0,11845;0,06697;1,2214;0,31703;0,36204;micro
01-04-2015;colombia;20,0126;2,7953;0,41093;2,29813;1,4443;0,12698;0,06438;1,1133;0,3144;0,35959;micro
01-05-2015;colombia;19,67655;2,8168;0,42035;2,3184;1,4155;0,11847;0,06203;1,6877;0,31374;0,35891;micro
01-06-2015;colombia;9,84571;2,7504;0,41918;2,34077;1,374;0,11354;0,06396;1,9089;0,31398;0,35918;micro
01-07-2015;colombia;9,61699;3,0578;0,43574;2,30151;1,5031;0,10206;0,06408;1,9319;0,31502;0,36037;micro
01-08-2015;colombia;9,33463;2,9818;0,44888;2,23985;1,5477;0,09699;0,06406;2,3564;0,3157;0,36093;micro
01-09-2015;colombia;9,43625;3,0361;0,44016;2,29649;1,5017;0,09882;0,06392;1,9508;0,31357;0,35921;micro
01-10-2015;colombia;9,45247;2,8946;0,41561;2,32998;1,4148;0,10149;0,06449;2,8337;0,31222;0,36072;micro
01-11-2015;colombia;9,25828;2,7482;0,43015;2,30433;1,4193;0,09479;0,06629;3,1548;0,3128;0,36436;micro
01-12-2015;colombia;9,18071;2,7585;0,4304;2,32916;1,3969;0,09235;0,06517;2,4665;0,30775;0,3636;micro
01-01-2016;colombia;9,03206;2,6619;0,44609;2,29301;1,4406;0,05649;0,06779;0,4603;0,31416;0,37198;micro
01-02-2016;colombia;8,80608;2,9469;0,45532;2,26144;1,5216;0,08303;0,06824;0,6833;0,31004;0,37084;micro
01-03-2016;colombia;9,87674;2,6474;0,44202;2,33094;1,3958;0,10313;0,07014;0,8247;0,30865;0,37191;micro
01-04-2016;colombia;10,07324;2,7989;0,45924;2,29478;1,4734;0,09997;0,06975;1,2095;0,30947;0,37446;micro
01-05-2016;colombia;9,93051;2,9778;0,44672;2,29914;1,4886;0,09711;0,07121;1,5615;0,30284;0,37308;micro
01-06-2016;colombia;9,3525;2,6472;0,42973;2,33568;1,3856;0,11798;0,07163;1,3517;0,29739;0,37073;micro
01-07-2016;colombia;9,2405;2,8879;0,4577;2,3103;1,4649;0,1098;0,07231;2,1268;0,29693;0,37158;micro
01-08-2016;colombia;9,26251;2,9923;0,45989;2,29409;1,5056;0,10782;0,07173;1,8151;0,29516;0,37286;micro
01-09-2016;colombia;9,74977;2,89;0,4641;2,32122;1,4662;0,10704;0,07001;2,2957;0,29833;0,37594;micro
01-10-2016;colombia;9,81017;2,8798;0,4572;2,29732;1,4855;0,11837;0,07208;2,765;0,2985;0,37606;micro
01-11-2016;colombia;9,52877;2,9369;0,46548;2,30334;1,4942;0,11161;0,07401;2,2709;0,30234;0,37984;micro
01-12-2016;colombia;9,60725;2,8111;0,43063;2,32218;1,4271;0,10957;0,07285;2,6637;0,30259;0,37909;micro
01-01-2017;colombia;9,55997;3,2693;0,48914;2,23834;1,6615;0,08522;0,07568;0,5729;0,30481;0,37986;micro
01-02-2017;colombia;9,53303;3,0855;0,46055;2,27889;1,5476;0,08847;0,0769;0,7973;0,30524;0,37999;micro
01-03-2017;colombia;10,5301;3,1484;0,48168;2,27407;1,5867;0,10515;0,07613;0,9463;0,29916;0,37109;micro
01-04-2017;colombia;10,4976;3,1963;0,48784;2,24499;1,6226;0,10136;0,07915;1,4102;0,30091;0,37085;micro
01-05-2017;colombia;10,45939;2,9056;0,48338;2,26742;1,5449;0,09708;0,07933;1,2392;0,30542;0,37027;micro
01-06-2017;colombia;10,33555;3,0034;0,46385;2,27663;1,5328;0,08995;0,07811;1,709;0,30565;0,3682;micro
01-07-2017;colombia;10,40476;3,3073;0,49623;2,23609;1,6665;0,09115;0,0778;2,1368;0,31447;0,37175;micro
01-08-2017;colombia;10,44289;3,0553;0,45613;2,30481;1,519;0,08854;0,07785;1,8208;0,31299;0,3683;micro
01-09-2017;colombia;10,31183;3,2309;0,47866;2,25672;1,6211;0,08659;0,07721;2,522;0,31476;0,36736;micro
01-05-2012;peru;14,0194;3,304;0,5554;1,9725;1,964;0,7193;0,0536;1,351;0,1354;0,1551;pequeña
01-06-2012;peru;14,2526;3,323;0,5562;1,9722;1,968;0,7209;0,0529;0,88;0,1349;0,1556;pequeña
01-07-2012;peru;13,5501;3,297;0,553;1,9739;1,958;0,7213;0,0545;0,897;0,1322;0,1544;pequeña
01-08-2012;peru;13,4189;3,296;0,5535;1,973;1,959;0,7217;0,0546;7,7;0,1318;0,1554;pequeña
01-09-2012;peru;13,2457;3,332;0,5579;1,9693;1,976;0,7213;0,0524;2,919;0,1294;0,1533;pequeña
01-10-2012;peru;13,0283;3,307;0,5559;1,9733;1,964;0,7225;0,0542;1,578;0,1287;0,1531;pequeña
01-11-2012;peru;13,1874;3,333;0,5576;1,9726;1,972;0,7207;0,0535;2,116;0,133;0,1541;pequeña
01-12-2012;peru;13,7068;3,338;0,5561;1,9769;1,967;0,7225;0,0534;1,461;0,1337;0,1515;pequeña
01-01-2013;peru;13,7429;3,346;0,5549;1,9822;1,965;0,8554;0,0555;1,531;0,1337;0,149;pequeña
01-02-2013;peru;13,6399;3,352;0,5536;1,9792;1,968;0,8526;0,0577;1,618;0,1349;0,1479;pequeña
01-03-2013;peru;14,1216;3,315;0,5525;1,9832;1,955;0,8511;0,0621;1,276;0,1379;0,1471;pequeña
01-04-2013;peru;14,2172;3,288;0,5522;1,9812;1,953;0,8544;0,0639;1,351;0,1381;0,1486;pequeña
01-05-2013;peru;14,0808;3,296;0,5525;1,9815;1,954;0,8577;0,0659;1,61;0,1385;0,1498;pequeña
01-06-2013;peru;14,1776;3,305;0,5535;1,9764;1,962;0,8594;0,0671;1,743;0,1405;0,1514;pequeña
01-07-2013;peru;13,8412;3,334;0,5537;1,9729;1,971;0,8615;0,0693;1,698;0,1404;0,1513;pequeña
01-08-2013;peru;13,6486;3,322;0,5531;1,9697;1,972;0,863;0,071;1,304;0,1403;0,1516;pequeña
01-09-2013;peru;13,4438;3,319;0,5522;1,9707;1,969;0,8646;0,0716;1,292;0,1406;0,1515;pequeña
01-10-2013;peru;13,1822;3,349;0,5547;1,9649;1,984;0,8524;0,0739;1,189;0,1411;0,1519;pequeña
01-11-2013;peru;13,1612;3,297;0,5543;1,9636;1,977;0,8536;0,075;1,551;0,1413;0,1524;pequeña
01-12-2013;peru;13,1688;3,255;0,5513;1,969;1,961;0,8548;0,0734;1,298;0,1413;0,1525;pequeña
01-01-2014;peru;13,3664;3,286;0,5526;1,9629;1,975;0,8733;0,0806;1,463;0,1441;0,1552;pequeña
01-02-2014;peru;13,3011;3,3;0,5544;1,9619;1,98;0,8725;0,0821;1,339;0,1422;0,1548;pequeña
01-03-2014;peru;13,8427;3,241;0,5499;1,9651;1,962;0,8726;0,0832;2,33;0,1404;0,1549;pequeña
01-04-2014;peru;13,9283;3,266;0,5502;1,9629;1,97;0,8729;0,0848;1,295;0,1388;0,1542;pequeña
01-05-2014;peru;13,863;3,254;0,5497;1,9662;1,964;0,8726;0,0869;1,539;0,1355;0,1528;pequeña
01-06-2014;peru;13,7205;3,279;0,5522;1,9615;1,975;0,872;0,0868;1,361;0,1319;0,1507;pequeña
01-07-2014;peru;13,4352;3,28;0,5515;1,9611;1,976;0,8715;0,0889;1,295;0,1278;0,1497;pequeña
01-08-2014;peru;13,4079;3,292;0,5512;1,9583;1,981;0,8715;0,0894;1,432;0,126;0,1491;pequeña
01-09-2014;peru;14,0737;3,284;0,5491;1,9627;1,972;0,8718;0,0864;1,448;0,1229;0,1483;pequeña
01-10-2014;peru;14,0636;3,322;0,5523;1,9623;1,982;0,8726;0,0875;1,329;0,1212;0,1472;pequeña
01-11-2014;peru;13,9195;3,312;0,5515;1,9653;1,977;0,8725;0,0885;1,399;0,1186;0,1466;pequeña
01-12-2014;peru;13,6471;3,34;0,552;1,963;1,986;0,8736;0,0884;1,282;0,117;0,1474;pequeña
01-01-2015;peru;13,5036;3,355;0,5496;1,9585;1,991;0,8918;0,0954;1,604;0,1152;0,1477;pequeña
01-02-2015;peru;13,5502;3,344;0,5513;1,9593;1,989;0,888;0,0957;1,522;0,1154;0,1464;pequeña
01-03-2015;peru;13,9822;3,301;0,5428;1,9862;1,936;0,8889;0,0928;1,259;0,113;0,1459;pequeña
01-04-2015;peru;13,9286;3,31;0,5426;1,982;1,943;0,8891;0,0966;1,369;0,1112;0,1464;pequeña
01-05-2015;peru;13,873;3,299;0,5426;1,9662;1,959;0,8878;0,0991;1,571;0,1122;0,1481;pequeña
01-06-2015;peru;13,7778;3,252;0,5402;1,9712;1,942;0,8875;0,0986;1,394;0,1055;0,1459;pequeña
01-07-2015;peru;14,0092;3,248;0,5387;1,9743;1,937;0,8873;0,1007;1,435;0,1041;0,146;pequeña
01-08-2015;peru;13,7981;3,324;0,542;1,967;1,962;0,8883;0,1001;1,502;0,1057;0,1471;pequeña
01-09-2015;peru;13,7091;3,311;0,5399;1,966;1,959;0,8886;0,0941;1,467;0,1048;0,146;pequeña
01-10-2015;peru;13,7973;3,29;0,5379;1,9698;1,948;0,8878;0,0943;1,439;0,1013;0,1438;pequeña
01-11-2015;peru;13,6061;3,288;0,5378;1,9704;1,947;0,7107;0,0885;1,554;0,0999;0,1445;pequeña
01-12-2015;peru;13,6962;3,272;0,5386;1,9735;1,941;0,7045;0,0858;1,234;0,093;0,1414;pequeña
01-01-2016;peru;13,5753;3,305;0,5376;1,9703;1,951;0,6579;0,0903;1,479;0,0916;0,1396;pequeña
01-02-2016;peru;13,5396;3,292;0,5401;1,9657;1,955;0,6896;0,0894;1,667;0,0849;0,1371;pequeña
01-03-2016;peru;14,2483;3,325;0,5428;1,9677;1,961;0,6891;0,0923;1,498;0,0865;0,1388;pequeña
01-04-2016;peru;14,2621;3,306;0,5402;1,9715;1,951;0,6987;0,0931;1,886;0,0807;0,1331;pequeña
01-05-2016;peru;14,4629;3,292;0,5388;1,9773;1,941;0,7288;0,0944;1,231;0,0764;0,1292;pequeña
01-06-2016;peru;14,4987;3,274;0,5362;1,9812;1,93;0,7166;0,0949;1,262;0,0751;0,1285;pequeña
01-07-2016;peru;14,8463;3,246;0,5344;1,9819;1,924;0,7241;0,0982;1,237;0,0686;0,1223;pequeña
01-08-2016;peru;14,9946;3,239;0,5326;1,981;1,921;0,7327;0,0966;1,124;0,0644;0,1192;pequeña
01-09-2016;peru;14,9286;3,263;0,5335;1,9764;1,932;0,7352;0,0947;1,345;0,0593;0,1146;pequeña
01-10-2016;peru;14,9322;3,24;0,5326;1,9785;1,924;0,738;0,0939;1,224;0,0584;0,1135;pequeña
01-11-2016;peru;14,8967;3,263;0,5337;1,9765;1,932;0,7396;0,093;0,999;0,0577;0,1132;pequeña
01-12-2016;peru;14,7595;3,251;0,5375;1,9722;1,938;0,7388;0,0896;1,074;0,0501;0,1117;pequeña
01-01-2017;peru;14,8923;3,258;0,5345;1,9745;1,933;0,7186;0,0904;1,085;0,0544;0,1111;pequeña
01-02-2017;peru;14,9045;3,277;0,5323;1,9746;1,935;0,7231;0,0923;1,024;0,0497;0,1102;pequeña
01-03-2017;peru;15,5129;3,202;0,5234;1,9832;1,906;0,7272;0,0941;1,061;0,0552;0,1122;pequeña
01-04-2017;peru;15,5842;3,234;0,5214;1,985;1,909;0,7327;0,0945;1,221;0,062;0,116;pequeña
01-05-2017;peru;15,5477;3,221;0,5212;1,9866;1,904;0,7373;0,0931;1,051;0,0569;0,1175;pequeña
01-06-2017;peru;15,4292;3,188;0,5207;1,9895;1,893;0,7348;0,0917;1,108;0,0619;0,1148;pequeña
01-07-2017;peru;15,6175;3,223;0,519;1,9841;1,907;0,7374;0,0932;1,147;0,0516;0,1108;pequeña
01-08-2017;peru;15,6363;3,187;0,5178;1,9883;1,895;0,7387;0,0928;0,985;0,055;0,1119;pequeña
01-09-2017;peru;15,4747;3,165;0,5244;1,9838;1,899;0,736;0,0917;7,36;0,0411;0,1067;pequeña
